                                      1 ;--------------------------------------------------------
                                      2 ; File Created by SDCC : free open source ISO C Compiler
                                      3 ; Version 4.5.1 #15267 (MINGW64)
                                      4 ;--------------------------------------------------------
                                      5 	.module main
                                      6 	
                                      7 ;--------------------------------------------------------
                                      8 ; Public variables in this module
                                      9 ;--------------------------------------------------------
                                     10 	.globl _main
                                     11 	.globl _printTurn
                                     12 	.globl _hasValidMoves
                                     13 	.globl _hasValidNonCaptureMoves
                                     14 	.globl _hasValidCaptureMoves
                                     15 	.globl _checkCollision
                                     16 	.globl _isValidMove
                                     17 	.globl _getCaptureIndex
                                     18 	.globl _isMoveWithinBoard
                                     19 	.globl _printWhite
                                     20 	.globl _printBlack
                                     21 	.globl _printSquare
                                     22 	.globl _printbkg
                                     23 	.globl _font
                                     24 	.globl _dpad
                                     25 	.globl _promoteToKing
                                     26 	.globl _moveSquare
                                     27 	.globl _font_set
                                     28 	.globl _font_load
                                     29 	.globl _font_init
                                     30 	.globl _abs
                                     31 	.globl _set_sprite_data
                                     32 	.globl _set_win_tiles
                                     33 	.globl _set_bkg_tiles
                                     34 	.globl _set_bkg_data
                                     35 	.globl _joypad
                                     36 	.globl _delay
                                     37 	.globl _whitePieces
                                     38 	.globl _blackPieces
                                     39 	.globl _whiteKing
                                     40 	.globl _blackKing
                                     41 	.globl _blackWins
                                     42 	.globl _whiteWins
                                     43 	.globl _clearText
                                     44 	.globl _currentPlayerWhiteText
                                     45 	.globl _currentPlayerBlackText
                                     46 	.globl _white_piece
                                     47 	.globl _black_piece
                                     48 	.globl _squareBR
                                     49 	.globl _squareBL
                                     50 	.globl _squareTR
                                     51 	.globl _squareTL
                                     52 	.globl _map
                                     53 	.globl _tile3
                                     54 	.globl _tile2
                                     55 	.globl _tile1
                                     56 	.globl _pieceSelected
                                     57 	.globl _selectedCoords
                                     58 	.globl _currentPlayer
                                     59 	.globl _cursory
                                     60 	.globl _cursorx
                                     61 	.globl _selectedPieceIndex
                                     62 	.globl _debounceTimer
                                     63 	.globl _lastButtonState
                                     64 	.globl _joypad_input
                                     65 ;--------------------------------------------------------
                                     66 ; special function registers
                                     67 ;--------------------------------------------------------
                                     68 	.area _HRAM
                                     69 ;--------------------------------------------------------
                                     70 ; ram data
                                     71 ;--------------------------------------------------------
                                     72 	.area _DATA
                         00000000    73 G$joypad_input$0_0$0==.
    00000000                         74 _joypad_input::
    00000000                         75 	.ds 1
                                     76 ;--------------------------------------------------------
                                     77 ; ram data
                                     78 ;--------------------------------------------------------
                                     79 	.area _INITIALIZED
                         00000000    80 G$lastButtonState$0_0$0==.
    00000000                         81 _lastButtonState::
    00000000                         82 	.ds 1
                         00000001    83 G$debounceTimer$0_0$0==.
    00000001                         84 _debounceTimer::
    00000001                         85 	.ds 2
                         00000003    86 G$selectedPieceIndex$0_0$0==.
    00000003                         87 _selectedPieceIndex::
    00000003                         88 	.ds 2
                         00000005    89 G$cursorx$0_0$0==.
    00000005                         90 _cursorx::
    00000005                         91 	.ds 1
                         00000006    92 G$cursory$0_0$0==.
    00000006                         93 _cursory::
    00000006                         94 	.ds 1
                         00000007    95 G$currentPlayer$0_0$0==.
    00000007                         96 _currentPlayer::
    00000007                         97 	.ds 1
                         00000008    98 G$selectedCoords$0_0$0==.
    00000008                         99 _selectedCoords::
    00000008                        100 	.ds 2
                         0000000A   101 G$pieceSelected$0_0$0==.
    0000000A                        102 _pieceSelected::
    0000000A                        103 	.ds 1
                         0000000B   104 G$tile1$0_0$0==.
    0000000B                        105 _tile1::
    0000000B                        106 	.ds 16
                         0000001B   107 G$tile2$0_0$0==.
    0000001B                        108 _tile2::
    0000001B                        109 	.ds 16
                         0000002B   110 G$tile3$0_0$0==.
    0000002B                        111 _tile3::
    0000002B                        112 	.ds 16
                         0000003B   113 G$map$0_0$0==.
    0000003B                        114 _map::
    0000003B                        115 	.ds 360
                         000001A3   116 G$squareTL$0_0$0==.
    000001A3                        117 _squareTL::
    000001A3                        118 	.ds 16
                         000001B3   119 G$squareTR$0_0$0==.
    000001B3                        120 _squareTR::
    000001B3                        121 	.ds 16
                         000001C3   122 G$squareBL$0_0$0==.
    000001C3                        123 _squareBL::
    000001C3                        124 	.ds 16
                         000001D3   125 G$squareBR$0_0$0==.
    000001D3                        126 _squareBR::
    000001D3                        127 	.ds 16
                         000001E3   128 G$black_piece$0_0$0==.
    000001E3                        129 _black_piece::
    000001E3                        130 	.ds 16
                         000001F3   131 G$white_piece$0_0$0==.
    000001F3                        132 _white_piece::
    000001F3                        133 	.ds 16
                         00000203   134 G$currentPlayerBlackText$0_0$0==.
    00000203                        135 _currentPlayerBlackText::
    00000203                        136 	.ds 16
                         00000213   137 G$currentPlayerWhiteText$0_0$0==.
    00000213                        138 _currentPlayerWhiteText::
    00000213                        139 	.ds 16
                         00000223   140 G$clearText$0_0$0==.
    00000223                        141 _clearText::
    00000223                        142 	.ds 16
                         00000233   143 G$whiteWins$0_0$0==.
    00000233                        144 _whiteWins::
    00000233                        145 	.ds 16
                         00000243   146 G$blackWins$0_0$0==.
    00000243                        147 _blackWins::
    00000243                        148 	.ds 16
                         00000253   149 G$blackKing$0_0$0==.
    00000253                        150 _blackKing::
    00000253                        151 	.ds 16
                         00000263   152 G$whiteKing$0_0$0==.
    00000263                        153 _whiteKing::
    00000263                        154 	.ds 16
                         00000273   155 G$blackPieces$0_0$0==.
    00000273                        156 _blackPieces::
    00000273                        157 	.ds 36
                         00000297   158 G$whitePieces$0_0$0==.
    00000297                        159 _whitePieces::
    00000297                        160 	.ds 36
                                    161 ;--------------------------------------------------------
                                    162 ; absolute external ram data
                                    163 ;--------------------------------------------------------
                                    164 	.area _DABS (ABS)
                                    165 ;--------------------------------------------------------
                                    166 ; global & static initialisations
                                    167 ;--------------------------------------------------------
                                    168 	.area _HOME
                                    169 	.area _GSINIT
                                    170 	.area _GSFINAL
                                    171 	.area _GSINIT
                                    172 ;--------------------------------------------------------
                                    173 ; Home
                                    174 ;--------------------------------------------------------
                                    175 	.area _HOME
                                    176 	.area _HOME
                                    177 ;--------------------------------------------------------
                                    178 ; code
                                    179 ;--------------------------------------------------------
                                    180 	.area _CODE
                         00000000   181 	G$moveSquare$0$0	= .
                                    182 	.globl	G$moveSquare$0$0
                         00000000   183 	C$main.c$106$0_0$155	= .
                                    184 	.globl	C$main.c$106$0_0$155
                                    185 ;..\main.c:106: void moveSquare() {
                                    186 ;	---------------------------------
                                    187 ; Function moveSquare
                                    188 ; ---------------------------------
    00000000                        189 _moveSquare::
                                    190 ;..\main.c:107: move_sprite(0, cursorx - 8, cursory - 8);
    00000000 FAr06r00         [16]  191 	ld	a, (_cursory)
    00000003 C6 F8            [ 8]  192 	add	a, #0xf8
    00000005 47               [ 4]  193 	ld	b, a
    00000006 FAr05r00         [16]  194 	ld	a, (_cursorx)
    00000009 C6 F8            [ 8]  195 	add	a, #0xf8
    0000000B 4F               [ 4]  196 	ld	c, a
                                    197 ;c:\users\bluej\onedrive\desktop\code projects\vs code\checkers revived i guess\checkers\gbdk\include\gb\gb.h:1973: OAM_item_t * itm = &shadow_OAM[nb];
    0000000C 21r00r00         [12]  198 	ld	hl, #_shadow_OAM
                                    199 ;c:\users\bluej\onedrive\desktop\code projects\vs code\checkers revived i guess\checkers\gbdk\include\gb\gb.h:1974: itm->y=y, itm->x=x;
    0000000F 78               [ 4]  200 	ld	a, b
    00000010 22               [ 8]  201 	ld	(hl+), a
    00000011 71               [ 8]  202 	ld	(hl), c
                                    203 ;..\main.c:108: move_sprite(1, cursorx + 0, cursory - 8);
    00000012 FAr06r00         [16]  204 	ld	a, (_cursory)
    00000015 C6 F8            [ 8]  205 	add	a, #0xf8
    00000017 47               [ 4]  206 	ld	b, a
    00000018 FAr05r00         [16]  207 	ld	a, (_cursorx)
    0000001B 4F               [ 4]  208 	ld	c, a
                                    209 ;c:\users\bluej\onedrive\desktop\code projects\vs code\checkers revived i guess\checkers\gbdk\include\gb\gb.h:1973: OAM_item_t * itm = &shadow_OAM[nb];
    0000001C 21r04r00         [12]  210 	ld	hl, #(_shadow_OAM + 4)
                                    211 ;c:\users\bluej\onedrive\desktop\code projects\vs code\checkers revived i guess\checkers\gbdk\include\gb\gb.h:1974: itm->y=y, itm->x=x;
    0000001F 78               [ 4]  212 	ld	a, b
    00000020 22               [ 8]  213 	ld	(hl+), a
    00000021 71               [ 8]  214 	ld	(hl), c
                                    215 ;..\main.c:109: move_sprite(2, cursorx - 8, cursory + 0);
    00000022 FAr06r00         [16]  216 	ld	a, (_cursory)
    00000025 47               [ 4]  217 	ld	b, a
    00000026 FAr05r00         [16]  218 	ld	a, (_cursorx)
    00000029 C6 F8            [ 8]  219 	add	a, #0xf8
    0000002B 4F               [ 4]  220 	ld	c, a
                                    221 ;c:\users\bluej\onedrive\desktop\code projects\vs code\checkers revived i guess\checkers\gbdk\include\gb\gb.h:1973: OAM_item_t * itm = &shadow_OAM[nb];
    0000002C 21r08r00         [12]  222 	ld	hl, #(_shadow_OAM + 8)
                                    223 ;c:\users\bluej\onedrive\desktop\code projects\vs code\checkers revived i guess\checkers\gbdk\include\gb\gb.h:1974: itm->y=y, itm->x=x;
    0000002F 78               [ 4]  224 	ld	a, b
    00000030 22               [ 8]  225 	ld	(hl+), a
    00000031 71               [ 8]  226 	ld	(hl), c
                                    227 ;..\main.c:110: move_sprite(3, cursorx + 0, cursory + 0);
    00000032 FAr06r00         [16]  228 	ld	a, (_cursory)
    00000035 47               [ 4]  229 	ld	b, a
    00000036 FAr05r00         [16]  230 	ld	a, (_cursorx)
    00000039 4F               [ 4]  231 	ld	c, a
                                    232 ;c:\users\bluej\onedrive\desktop\code projects\vs code\checkers revived i guess\checkers\gbdk\include\gb\gb.h:1973: OAM_item_t * itm = &shadow_OAM[nb];
    0000003A 21r0Cr00         [12]  233 	ld	hl, #(_shadow_OAM + 12)
                                    234 ;c:\users\bluej\onedrive\desktop\code projects\vs code\checkers revived i guess\checkers\gbdk\include\gb\gb.h:1974: itm->y=y, itm->x=x;
    0000003D 78               [ 4]  235 	ld	a, b
    0000003E 22               [ 8]  236 	ld	(hl+), a
    0000003F 71               [ 8]  237 	ld	(hl), c
                         00000040   238 	C$main.c$110$3_0$155	= .
                                    239 	.globl	C$main.c$110$3_0$155
                                    240 ;..\main.c:110: move_sprite(3, cursorx + 0, cursory + 0);
                         00000040   241 	C$main.c$111$3_0$155	= .
                                    242 	.globl	C$main.c$111$3_0$155
                                    243 ;..\main.c:111: }
                         00000040   244 	C$main.c$111$3_0$155	= .
                                    245 	.globl	C$main.c$111$3_0$155
                         00000040   246 	XG$moveSquare$0$0	= .
                                    247 	.globl	XG$moveSquare$0$0
    00000040 C9               [16]  248 	ret
                         00000041   249 	G$promoteToKing$0$0	= .
                                    250 	.globl	G$promoteToKing$0$0
                         00000041   251 	C$main.c$127$3_0$170	= .
                                    252 	.globl	C$main.c$127$3_0$170
                                    253 ;..\main.c:127: void promoteToKing(Piece* pieces, int numPieces, UINT8 player) {
                                    254 ;	---------------------------------
                                    255 ; Function promoteToKing
                                    256 ; ---------------------------------
    00000041                        257 _promoteToKing::
    00000041 E8 F8            [16]  258 	add	sp, #-8
    00000043 F8 06            [12]  259 	ldhl	sp,	#6
    00000045 7B               [ 4]  260 	ld	a, e
    00000046 22               [ 8]  261 	ld	(hl+), a
    00000047 72               [ 8]  262 	ld	(hl), d
    00000048 F8 04            [12]  263 	ldhl	sp,	#4
    0000004A 79               [ 4]  264 	ld	a, c
    0000004B 22               [ 8]  265 	ld	(hl+), a
    0000004C 70               [ 8]  266 	ld	(hl), b
                         0000004D   267 	C$main.c$128$4_0$172	= .
                                    268 	.globl	C$main.c$128$4_0$172
                                    269 ;..\main.c:128: for (int i = 0; i < numPieces; i++) {
    0000004D F8 0A            [12]  270 	ldhl	sp,	#10
    0000004F 7E               [ 8]  271 	ld	a, (hl)
    00000050 3D               [ 4]  272 	dec	a
    00000051 3E 01            [ 8]  273 	ld	a, #0x01
    00000053 28 01            [12]  274 	jr	Z, 00158$
    00000055 AF               [ 4]  275 	xor	a, a
    00000056                        276 00158$:
    00000056 F8 02            [12]  277 	ldhl	sp,	#2
    00000058 77               [ 8]  278 	ld	(hl), a
    00000059 01 00 00         [12]  279 	ld	bc, #0x0000
    0000005C                        280 00110$:
    0000005C F8 04            [12]  281 	ldhl	sp,	#4
    0000005E 79               [ 4]  282 	ld	a, c
    0000005F 96               [ 8]  283 	sub	a, (hl)
    00000060 23               [ 8]  284 	inc	hl
    00000061 78               [ 4]  285 	ld	a, b
    00000062 9E               [ 8]  286 	sbc	a, (hl)
    00000063 78               [ 4]  287 	ld	a, b
    00000064 57               [ 4]  288 	ld	d, a
    00000065 5E               [ 8]  289 	ld	e, (hl)
    00000066 CB 7B            [ 8]  290 	bit	7, e
    00000068 28 07            [12]  291 	jr	Z, 00159$
    0000006A CB 7A            [ 8]  292 	bit	7, d
    0000006C 20 08            [12]  293 	jr	NZ, 00160$
    0000006E BF               [ 4]  294 	cp	a, a
    0000006F 18 05            [12]  295 	jr	00160$
    00000071                        296 00159$:
    00000071 CB 7A            [ 8]  297 	bit	7, d
    00000073 28 01            [12]  298 	jr	Z, 00160$
    00000075 37               [ 4]  299 	scf
    00000076                        300 00160$:
    00000076 30 3D            [12]  301 	jr	NC, 00112$
                         00000078   302 	C$main.c$129$2_0$170	= .
                                    303 	.globl	C$main.c$129$2_0$170
                                    304 ;..\main.c:129: if (pieces[i].y == 28 && player == WHITE_PLAYER) {
    00000078 69               [ 4]  305 	ld	l, c
    00000079 60               [ 4]  306 	ld	h, b
    0000007A 29               [ 8]  307 	add	hl, hl
    0000007B 09               [ 8]  308 	add	hl, bc
    0000007C 33               [ 8]  309 	inc	sp
    0000007D 33               [ 8]  310 	inc	sp
    0000007E 5D               [ 4]  311 	ld	e, l
    0000007F 54               [ 4]  312 	ld	d, h
    00000080 D5               [16]  313 	push	de
    00000081 F8 06            [12]  314 	ldhl	sp,	#6
    00000083 2A               [ 8]  315 	ld	a,	(hl+)
    00000084 66               [ 8]  316 	ld	h, (hl)
    00000085 6F               [ 4]  317 	ld	l, a
    00000086 19               [ 8]  318 	add	hl, de
    00000087 5D               [ 4]  319 	ld	e,l
    00000088 54               [ 4]  320 	ld	d,h
    00000089 23               [ 8]  321 	inc	hl
    0000008A 7E               [ 8]  322 	ld	a, (hl)
    0000008B F8 03            [12]  323 	ldhl	sp,	#3
    0000008D 77               [ 8]  324 	ld	(hl), a
                         0000008E   325 	C$main.c$130$2_0$170	= .
                                    326 	.globl	C$main.c$130$2_0$170
                                    327 ;..\main.c:130: pieces[i].isKing = true;
    0000008E 13               [ 8]  328 	inc	de
    0000008F 13               [ 8]  329 	inc	de
                         00000090   330 	C$main.c$129$4_0$172	= .
                                    331 	.globl	C$main.c$129$4_0$172
                                    332 ;..\main.c:129: if (pieces[i].y == 28 && player == WHITE_PLAYER) {
    00000090 F8 03            [12]  333 	ldhl	sp,	#3
    00000092 7E               [ 8]  334 	ld	a, (hl)
    00000093 D6 1C            [ 8]  335 	sub	a, #0x1c
    00000095 20 0B            [12]  336 	jr	NZ, 00105$
    00000097 F8 02            [12]  337 	ldhl	sp,	#2
    00000099 7E               [ 8]  338 	ld	a, (hl)
    0000009A B7               [ 4]  339 	or	a, a
    0000009B 28 05            [12]  340 	jr	Z, 00105$
                         0000009D   341 	C$main.c$130$5_0$173	= .
                                    342 	.globl	C$main.c$130$5_0$173
                                    343 ;..\main.c:130: pieces[i].isKing = true;
    0000009D 3E 01            [ 8]  344 	ld	a, #0x01
    0000009F 12               [ 8]  345 	ld	(de), a
    000000A0 18 10            [12]  346 	jr	00111$
    000000A2                        347 00105$:
                         000000A2   348 	C$main.c$131$5_0$174	= .
                                    349 	.globl	C$main.c$131$5_0$174
                                    350 ;..\main.c:131: } else if (pieces[i].y == 140 && player == BLACK_PLAYER) {
    000000A2 F8 03            [12]  351 	ldhl	sp,	#3
    000000A4 7E               [ 8]  352 	ld	a, (hl)
    000000A5 D6 8C            [ 8]  353 	sub	a, #0x8c
    000000A7 20 09            [12]  354 	jr	NZ, 00111$
    000000A9 F8 0A            [12]  355 	ldhl	sp,	#10
    000000AB 7E               [ 8]  356 	ld	a, (hl)
    000000AC B7               [ 4]  357 	or	a, a
    000000AD 20 03            [12]  358 	jr	NZ, 00111$
                         000000AF   359 	C$main.c$132$6_0$175	= .
                                    360 	.globl	C$main.c$132$6_0$175
                                    361 ;..\main.c:132: pieces[i].isKing = true;
    000000AF 3E 01            [ 8]  362 	ld	a, #0x01
    000000B1 12               [ 8]  363 	ld	(de), a
    000000B2                        364 00111$:
                         000000B2   365 	C$main.c$128$2_0$170	= .
                                    366 	.globl	C$main.c$128$2_0$170
                                    367 ;..\main.c:128: for (int i = 0; i < numPieces; i++) {
    000000B2 03               [ 8]  368 	inc	bc
    000000B3 18 A7            [12]  369 	jr	00110$
    000000B5                        370 00112$:
                         000000B5   371 	C$main.c$135$2_0$170	= .
                                    372 	.globl	C$main.c$135$2_0$170
                                    373 ;..\main.c:135: }
    000000B5 E8 08            [16]  374 	add	sp, #8
    000000B7 E1               [12]  375 	pop	hl
    000000B8 33               [ 8]  376 	inc	sp
    000000B9 E9               [ 4]  377 	jp	(hl)
                         000000BA   378 	G$dpad$0$0	= .
                                    379 	.globl	G$dpad$0$0
                         000000BA   380 	C$main.c$136$2_0$176	= .
                                    381 	.globl	C$main.c$136$2_0$176
                                    382 ;..\main.c:136: void dpad() {
                                    383 ;	---------------------------------
                                    384 ; Function dpad
                                    385 ; ---------------------------------
    000000BA                        386 _dpad::
                         000000BA   387 	C$main.c$137$1_0$176	= .
                                    388 	.globl	C$main.c$137$1_0$176
                                    389 ;..\main.c:137: if (joypad_input & J_RIGHT) {
    000000BA FAr00r00         [16]  390 	ld	a, (_joypad_input)
    000000BD 4F               [ 4]  391 	ld	c, a
    000000BE CB 41            [ 8]  392 	bit	0, c
    000000C0 28 08            [12]  393 	jr	Z, 00102$
                         000000C2   394 	C$main.c$138$3_0$178	= .
                                    395 	.globl	C$main.c$138$3_0$178
                                    396 ;..\main.c:138: cursorx = cursorx + SQUARE_SIZE;
    000000C2 FAr05r00         [16]  397 	ld	a, (_cursorx)
    000000C5 C6 10            [ 8]  398 	add	a, #0x10
    000000C7 EAr05r00         [16]  399 	ld	(#_cursorx),a
    000000CA                        400 00102$:
                         000000CA   401 	C$main.c$140$2_0$179	= .
                                    402 	.globl	C$main.c$140$2_0$179
                                    403 ;..\main.c:140: if (joypad_input & J_LEFT) {
    000000CA CB 49            [ 8]  404 	bit	1, c
    000000CC 28 08            [12]  405 	jr	Z, 00104$
                         000000CE   406 	C$main.c$141$3_0$180	= .
                                    407 	.globl	C$main.c$141$3_0$180
                                    408 ;..\main.c:141: cursorx = cursorx - SQUARE_SIZE;
    000000CE FAr05r00         [16]  409 	ld	a, (_cursorx)
    000000D1 C6 F0            [ 8]  410 	add	a, #0xf0
    000000D3 EAr05r00         [16]  411 	ld	(#_cursorx),a
    000000D6                        412 00104$:
                         000000D6   413 	C$main.c$143$2_0$181	= .
                                    414 	.globl	C$main.c$143$2_0$181
                                    415 ;..\main.c:143: if (joypad_input & J_UP) {
    000000D6 CB 51            [ 8]  416 	bit	2, c
    000000D8 28 08            [12]  417 	jr	Z, 00106$
                         000000DA   418 	C$main.c$144$3_0$182	= .
                                    419 	.globl	C$main.c$144$3_0$182
                                    420 ;..\main.c:144: cursory = cursory - SQUARE_SIZE;
    000000DA FAr06r00         [16]  421 	ld	a, (_cursory)
    000000DD C6 F0            [ 8]  422 	add	a, #0xf0
    000000DF EAr06r00         [16]  423 	ld	(#_cursory),a
    000000E2                        424 00106$:
                         000000E2   425 	C$main.c$146$2_0$183	= .
                                    426 	.globl	C$main.c$146$2_0$183
                                    427 ;..\main.c:146: if (joypad_input & J_DOWN) {
    000000E2 CB 59            [ 8]  428 	bit	3, c
    000000E4 CAr00r00         [16]  429 	jp	Z, _moveSquare
                         000000E7   430 	C$main.c$147$3_0$184	= .
                                    431 	.globl	C$main.c$147$3_0$184
                                    432 ;..\main.c:147: cursory = cursory + SQUARE_SIZE;
    000000E7 FAr06r00         [16]  433 	ld	a, (_cursory)
    000000EA C6 10            [ 8]  434 	add	a, #0x10
    000000EC EAr06r00         [16]  435 	ld	(#_cursory),a
                         000000EF   436 	C$main.c$149$1_0$176	= .
                                    437 	.globl	C$main.c$149$1_0$176
                                    438 ;..\main.c:149: moveSquare();
                         000000EF   439 	C$main.c$150$1_0$176	= .
                                    440 	.globl	C$main.c$150$1_0$176
                                    441 ;..\main.c:150: }
                         000000EF   442 	C$main.c$150$1_0$176	= .
                                    443 	.globl	C$main.c$150$1_0$176
                         000000EF   444 	XG$dpad$0$0	= .
                                    445 	.globl	XG$dpad$0$0
    000000EF C3r00r00         [16]  446 	jp	_moveSquare
                         000000F2   447 	G$font$0$0	= .
                                    448 	.globl	G$font$0$0
                         000000F2   449 	C$main.c$151$1_0$185	= .
                                    450 	.globl	C$main.c$151$1_0$185
                                    451 ;..\main.c:151: void font() {
                                    452 ;	---------------------------------
                                    453 ; Function font
                                    454 ; ---------------------------------
    000000F2                        455 _font::
                         000000F2   456 	C$main.c$153$1_0$185	= .
                                    457 	.globl	C$main.c$153$1_0$185
                                    458 ;..\main.c:153: font_init();
    000000F2 CDr00r00         [24]  459 	call	_font_init
                         000000F5   460 	C$main.c$154$1_0$185	= .
                                    461 	.globl	C$main.c$154$1_0$185
                                    462 ;..\main.c:154: min_font = font_load(font_ibm_fixed);
    000000F5 11r00r00         [12]  463 	ld	de, #_font_ibm_fixed
    000000F8 D5               [16]  464 	push	de
    000000F9 CDr00r00         [24]  465 	call	_font_load
    000000FC E1               [12]  466 	pop	hl
                         000000FD   467 	C$main.c$155$1_0$185	= .
                                    468 	.globl	C$main.c$155$1_0$185
                                    469 ;..\main.c:155: font_set(min_font);
    000000FD D5               [16]  470 	push	de
    000000FE CDr00r00         [24]  471 	call	_font_set
    00000101 E1               [12]  472 	pop	hl
                         00000102   473 	C$main.c$156$1_0$185	= .
                                    474 	.globl	C$main.c$156$1_0$185
                                    475 ;..\main.c:156: }
                         00000102   476 	C$main.c$156$1_0$185	= .
                                    477 	.globl	C$main.c$156$1_0$185
                         00000102   478 	XG$font$0$0	= .
                                    479 	.globl	XG$font$0$0
    00000102 C9               [16]  480 	ret
                         00000103   481 	G$printbkg$0$0	= .
                                    482 	.globl	G$printbkg$0$0
                         00000103   483 	C$main.c$157$1_0$186	= .
                                    484 	.globl	C$main.c$157$1_0$186
                                    485 ;..\main.c:157: void printbkg() {
                                    486 ;	---------------------------------
                                    487 ; Function printbkg
                                    488 ; ---------------------------------
    00000103                        489 _printbkg::
                         00000103   490 	C$main.c$158$1_0$186	= .
                                    491 	.globl	C$main.c$158$1_0$186
                                    492 ;..\main.c:158: set_bkg_data(1, 1, tile1);
    00000103 11r0Br00         [12]  493 	ld	de, #_tile1
    00000106 D5               [16]  494 	push	de
    00000107 21 01 01         [12]  495 	ld	hl, #0x101
    0000010A E5               [16]  496 	push	hl
    0000010B CDr00r00         [24]  497 	call	_set_bkg_data
    0000010E E8 04            [16]  498 	add	sp, #4
                         00000110   499 	C$main.c$159$1_0$186	= .
                                    500 	.globl	C$main.c$159$1_0$186
                                    501 ;..\main.c:159: set_bkg_data(2, 1, tile2);
    00000110 11r1Br00         [12]  502 	ld	de, #_tile2
    00000113 D5               [16]  503 	push	de
    00000114 21 02 01         [12]  504 	ld	hl, #0x102
    00000117 E5               [16]  505 	push	hl
    00000118 CDr00r00         [24]  506 	call	_set_bkg_data
    0000011B E8 04            [16]  507 	add	sp, #4
                         0000011D   508 	C$main.c$160$1_0$186	= .
                                    509 	.globl	C$main.c$160$1_0$186
                                    510 ;..\main.c:160: set_bkg_data(3, 1, tile3);
    0000011D 11r2Br00         [12]  511 	ld	de, #_tile3
    00000120 D5               [16]  512 	push	de
    00000121 21 03 01         [12]  513 	ld	hl, #0x103
    00000124 E5               [16]  514 	push	hl
    00000125 CDr00r00         [24]  515 	call	_set_bkg_data
    00000128 E8 04            [16]  516 	add	sp, #4
                         0000012A   517 	C$main.c$161$1_0$186	= .
                                    518 	.globl	C$main.c$161$1_0$186
                                    519 ;..\main.c:161: set_bkg_tiles(0, 0, 20, 18, map);
    0000012A 11r3Br00         [12]  520 	ld	de, #_map
    0000012D D5               [16]  521 	push	de
    0000012E 21 14 12         [12]  522 	ld	hl, #0x1214
    00000131 E5               [16]  523 	push	hl
    00000132 AF               [ 4]  524 	xor	a, a
    00000133 0F               [ 4]  525 	rrca
    00000134 F5               [16]  526 	push	af
    00000135 CDr00r00         [24]  527 	call	_set_bkg_tiles
    00000138 E8 06            [16]  528 	add	sp, #6
                         0000013A   529 	C$main.c$162$1_0$186	= .
                                    530 	.globl	C$main.c$162$1_0$186
                                    531 ;..\main.c:162: }
                         0000013A   532 	C$main.c$162$1_0$186	= .
                                    533 	.globl	C$main.c$162$1_0$186
                         0000013A   534 	XG$printbkg$0$0	= .
                                    535 	.globl	XG$printbkg$0$0
    0000013A C9               [16]  536 	ret
                         0000013B   537 	G$printSquare$0$0	= .
                                    538 	.globl	G$printSquare$0$0
                         0000013B   539 	C$main.c$163$1_0$187	= .
                                    540 	.globl	C$main.c$163$1_0$187
                                    541 ;..\main.c:163: void printSquare() {
                                    542 ;	---------------------------------
                                    543 ; Function printSquare
                                    544 ; ---------------------------------
    0000013B                        545 _printSquare::
                         0000013B   546 	C$main.c$164$1_0$187	= .
                                    547 	.globl	C$main.c$164$1_0$187
                                    548 ;..\main.c:164: set_sprite_data(0, 1, squareTL);
    0000013B 11rA3r01         [12]  549 	ld	de, #_squareTL
    0000013E D5               [16]  550 	push	de
    0000013F AF               [ 4]  551 	xor	a, a
    00000140 3C               [ 4]  552 	inc	a
    00000141 F5               [16]  553 	push	af
    00000142 CDr00r00         [24]  554 	call	_set_sprite_data
    00000145 E8 04            [16]  555 	add	sp, #4
                         00000147   556 	C$main.c$165$1_0$187	= .
                                    557 	.globl	C$main.c$165$1_0$187
                                    558 ;..\main.c:165: set_sprite_data(1, 1, squareTR);
    00000147 11rB3r01         [12]  559 	ld	de, #_squareTR
    0000014A D5               [16]  560 	push	de
    0000014B 21 01 01         [12]  561 	ld	hl, #0x101
    0000014E E5               [16]  562 	push	hl
    0000014F CDr00r00         [24]  563 	call	_set_sprite_data
    00000152 E8 04            [16]  564 	add	sp, #4
                         00000154   565 	C$main.c$166$1_0$187	= .
                                    566 	.globl	C$main.c$166$1_0$187
                                    567 ;..\main.c:166: set_sprite_data(2, 1, squareBL);
    00000154 11rC3r01         [12]  568 	ld	de, #_squareBL
    00000157 D5               [16]  569 	push	de
    00000158 21 02 01         [12]  570 	ld	hl, #0x102
    0000015B E5               [16]  571 	push	hl
    0000015C CDr00r00         [24]  572 	call	_set_sprite_data
    0000015F E8 04            [16]  573 	add	sp, #4
                         00000161   574 	C$main.c$167$1_0$187	= .
                                    575 	.globl	C$main.c$167$1_0$187
                                    576 ;..\main.c:167: set_sprite_data(3, 1, squareBR);
    00000161 11rD3r01         [12]  577 	ld	de, #_squareBR
    00000164 D5               [16]  578 	push	de
    00000165 21 03 01         [12]  579 	ld	hl, #0x103
    00000168 E5               [16]  580 	push	hl
    00000169 CDr00r00         [24]  581 	call	_set_sprite_data
    0000016C E8 04            [16]  582 	add	sp, #4
                                    583 ;c:\users\bluej\onedrive\desktop\code projects\vs code\checkers revived i guess\checkers\gbdk\include\gb\gb.h:1887: shadow_OAM[nb].tile=tile;
    0000016E 21r02r00         [12]  584 	ld	hl, #(_shadow_OAM + 2)
    00000171 36 00            [12]  585 	ld	(hl), #0x00
    00000173 21r06r00         [12]  586 	ld	hl, #(_shadow_OAM + 6)
    00000176 36 01            [12]  587 	ld	(hl), #0x01
    00000178 21r0Ar00         [12]  588 	ld	hl, #(_shadow_OAM + 10)
    0000017B 36 02            [12]  589 	ld	(hl), #0x02
    0000017D 21r0Er00         [12]  590 	ld	hl, #(_shadow_OAM + 14)
    00000180 36 03            [12]  591 	ld	(hl), #0x03
                         00000182   592 	C$main.c$172$1_0$187	= .
                                    593 	.globl	C$main.c$172$1_0$187
                                    594 ;..\main.c:172: moveSquare();
                         00000182   595 	C$main.c$173$1_0$187	= .
                                    596 	.globl	C$main.c$173$1_0$187
                                    597 ;..\main.c:173: }
                         00000182   598 	C$main.c$173$1_0$187	= .
                                    599 	.globl	C$main.c$173$1_0$187
                         00000182   600 	XG$printSquare$0$0	= .
                                    601 	.globl	XG$printSquare$0$0
    00000182 C3r00r00         [16]  602 	jp	_moveSquare
                         00000185   603 	G$printBlack$0$0	= .
                                    604 	.globl	G$printBlack$0$0
                         00000185   605 	C$main.c$174$1_0$200	= .
                                    606 	.globl	C$main.c$174$1_0$200
                                    607 ;..\main.c:174: void printBlack() {
                                    608 ;	---------------------------------
                                    609 ; Function printBlack
                                    610 ; ---------------------------------
    00000185                        611 _printBlack::
    00000185 E8 FA            [16]  612 	add	sp, #-6
                         00000187   613 	C$main.c$175$1_0$200	= .
                                    614 	.globl	C$main.c$175$1_0$200
                                    615 ;..\main.c:175: set_sprite_data(4, 12, black_piece);
    00000187 11rE3r01         [12]  616 	ld	de, #_black_piece
    0000018A D5               [16]  617 	push	de
    0000018B 21 04 0C         [12]  618 	ld	hl, #0xc04
    0000018E E5               [16]  619 	push	hl
    0000018F CDr00r00         [24]  620 	call	_set_sprite_data
    00000192 E8 04            [16]  621 	add	sp, #4
                         00000194   622 	C$main.c$176$1_0$200	= .
                                    623 	.globl	C$main.c$176$1_0$200
                                    624 ;..\main.c:176: set_sprite_data(8, 12, blackKing);
    00000194 11r53r02         [12]  625 	ld	de, #_blackKing
    00000197 D5               [16]  626 	push	de
    00000198 21 08 0C         [12]  627 	ld	hl, #0xc08
    0000019B E5               [16]  628 	push	hl
    0000019C CDr00r00         [24]  629 	call	_set_sprite_data
    0000019F E8 04            [16]  630 	add	sp, #4
                         000001A1   631 	C$main.c$178$4_0$203	= .
                                    632 	.globl	C$main.c$178$4_0$203
                                    633 ;..\main.c:178: for (int i = 0; i < 12; i++){
    000001A1 AF               [ 4]  634 	xor	a, a
    000001A2 F8 04            [12]  635 	ldhl	sp,	#4
    000001A4 22               [ 8]  636 	ld	(hl+), a
    000001A5 77               [ 8]  637 	ld	(hl), a
    000001A6                        638 00109$:
    000001A6 F8 04            [12]  639 	ldhl	sp,	#4
    000001A8 2A               [ 8]  640 	ld	a, (hl+)
    000001A9 D6 0C            [ 8]  641 	sub	a, #0x0c
    000001AB 7E               [ 8]  642 	ld	a, (hl)
    000001AC DE 00            [ 8]  643 	sbc	a, #0x00
    000001AE D2r5Er02         [16]  644 	jp	NC, 00111$
                         000001B1   645 	C$main.c$179$4_0$203	= .
                                    646 	.globl	C$main.c$179$4_0$203
                                    647 ;..\main.c:179: if (blackPieces[i].isKing) {
    000001B1 2B               [ 8]  648 	dec	hl
    000001B2 2A               [ 8]  649 	ld	a, (hl+)
    000001B3 4F               [ 4]  650 	ld	c, a
    000001B4 46               [ 8]  651 	ld	b, (hl)
    000001B5 69               [ 4]  652 	ld	l, c
    000001B6 60               [ 4]  653 	ld	h, b
    000001B7 29               [ 8]  654 	add	hl, hl
    000001B8 09               [ 8]  655 	add	hl, bc
    000001B9 11r73r02         [12]  656 	ld	de, #_blackPieces
    000001BC 19               [ 8]  657 	add	hl, de
    000001BD 23               [ 8]  658 	inc	hl
    000001BE 23               [ 8]  659 	inc	hl
    000001BF 7E               [ 8]  660 	ld	a, (hl)
    000001C0 F8 02            [12]  661 	ldhl	sp,	#2
    000001C2 77               [ 8]  662 	ld	(hl), a
                         000001C3   663 	C$main.c$180$2_0$200	= .
                                    664 	.globl	C$main.c$180$2_0$200
                                    665 ;..\main.c:180: set_sprite_tile(i + 4, 8); // Use the black king sprite tile
    000001C3 F8 04            [12]  666 	ldhl	sp,	#4
    000001C5 3A               [ 8]  667 	ld	a, (hl-)
    000001C6 C6 04            [ 8]  668 	add	a, #0x04
                         000001C8   669 	C$main.c$179$4_0$203	= .
                                    670 	.globl	C$main.c$179$4_0$203
                                    671 ;..\main.c:179: if (blackPieces[i].isKing) {
    000001C8 32               [ 8]  672 	ld	(hl-), a
    000001C9 CB 46            [12]  673 	bit	0, (hl)
    000001CB 28 33            [12]  674 	jr	Z, 00102$
                                    675 ;..\main.c:180: set_sprite_tile(i + 4, 8); // Use the black king sprite tile
                                    676 ;c:\users\bluej\onedrive\desktop\code projects\vs code\checkers revived i guess\checkers\gbdk\include\gb\gb.h:1887: shadow_OAM[nb].tile=tile;
    000001CD 23               [ 8]  677 	inc	hl
    000001CE 3A               [ 8]  678 	ld	a, (hl-)
    000001CF 22               [ 8]  679 	ld	(hl+), a
    000001D0 36 00            [12]  680 	ld	(hl), #0x00
    000001D2 3E 02            [ 8]  681 	ld	a, #0x02
    000001D4                        682 00135$:
    000001D4 F8 02            [12]  683 	ldhl	sp,	#2
    000001D6 CB 26            [16]  684 	sla	(hl)
    000001D8 23               [ 8]  685 	inc	hl
    000001D9 CB 16            [16]  686 	rl	(hl)
    000001DB 3D               [ 4]  687 	dec	a
    000001DC 20 F6            [12]  688 	jr	NZ, 00135$
    000001DE 2B               [ 8]  689 	dec	hl
    000001DF 2A               [ 8]  690 	ld	a, (hl+)
    000001E0 5F               [ 4]  691 	ld	e, a
    000001E1 56               [ 8]  692 	ld	d, (hl)
    000001E2 21r00r00         [12]  693 	ld	hl, #_shadow_OAM
    000001E5 19               [ 8]  694 	add	hl, de
    000001E6 33               [ 8]  695 	inc	sp
    000001E7 33               [ 8]  696 	inc	sp
    000001E8 5D               [ 4]  697 	ld	e, l
    000001E9 54               [ 4]  698 	ld	d, h
    000001EA D5               [16]  699 	push	de
    000001EB 21 02 00         [12]  700 	ld	hl, #0x0002
    000001EE 19               [ 8]  701 	add	hl, de
    000001EF E5               [16]  702 	push	hl
    000001F0 7D               [ 4]  703 	ld	a, l
    000001F1 F8 04            [12]  704 	ldhl	sp,	#4
    000001F3 77               [ 8]  705 	ld	(hl), a
    000001F4 E1               [12]  706 	pop	hl
    000001F5 7C               [ 4]  707 	ld	a, h
    000001F6 F8 03            [12]  708 	ldhl	sp,	#3
    000001F8 32               [ 8]  709 	ld	(hl-), a
    000001F9 2A               [ 8]  710 	ld	a, (hl+)
    000001FA 66               [ 8]  711 	ld	h, (hl)
    000001FB 6F               [ 4]  712 	ld	l, a
    000001FC 36 08            [12]  713 	ld	(hl), #0x08
                         000001FE   714 	C$main.c$180$4_0$203	= .
                                    715 	.globl	C$main.c$180$4_0$203
                                    716 ;..\main.c:180: set_sprite_tile(i + 4, 8); // Use the black king sprite tile
    000001FE 18 32            [12]  717 	jr	00103$
    00000200                        718 00102$:
                                    719 ;..\main.c:182: set_sprite_tile(i + 4, 4); // Use the black regular piece sprite tile
                                    720 ;c:\users\bluej\onedrive\desktop\code projects\vs code\checkers revived i guess\checkers\gbdk\include\gb\gb.h:1887: shadow_OAM[nb].tile=tile;
    00000200 F8 03            [12]  721 	ldhl	sp,	#3
    00000202 3A               [ 8]  722 	ld	a, (hl-)
    00000203 22               [ 8]  723 	ld	(hl+), a
    00000204 36 00            [12]  724 	ld	(hl), #0x00
    00000206 3E 02            [ 8]  725 	ld	a, #0x02
    00000208                        726 00136$:
    00000208 F8 02            [12]  727 	ldhl	sp,	#2
    0000020A CB 26            [16]  728 	sla	(hl)
    0000020C 23               [ 8]  729 	inc	hl
    0000020D CB 16            [16]  730 	rl	(hl)
    0000020F 3D               [ 4]  731 	dec	a
    00000210 20 F6            [12]  732 	jr	NZ, 00136$
    00000212 2B               [ 8]  733 	dec	hl
    00000213 2A               [ 8]  734 	ld	a, (hl+)
    00000214 5F               [ 4]  735 	ld	e, a
    00000215 56               [ 8]  736 	ld	d, (hl)
    00000216 21r00r00         [12]  737 	ld	hl, #_shadow_OAM
    00000219 19               [ 8]  738 	add	hl, de
    0000021A 33               [ 8]  739 	inc	sp
    0000021B 33               [ 8]  740 	inc	sp
    0000021C 5D               [ 4]  741 	ld	e, l
    0000021D 54               [ 4]  742 	ld	d, h
    0000021E D5               [16]  743 	push	de
    0000021F 21 02 00         [12]  744 	ld	hl, #0x0002
    00000222 19               [ 8]  745 	add	hl, de
    00000223 E5               [16]  746 	push	hl
    00000224 7D               [ 4]  747 	ld	a, l
    00000225 F8 04            [12]  748 	ldhl	sp,	#4
    00000227 77               [ 8]  749 	ld	(hl), a
    00000228 E1               [12]  750 	pop	hl
    00000229 7C               [ 4]  751 	ld	a, h
    0000022A F8 03            [12]  752 	ldhl	sp,	#3
    0000022C 32               [ 8]  753 	ld	(hl-), a
    0000022D 2A               [ 8]  754 	ld	a, (hl+)
    0000022E 66               [ 8]  755 	ld	h, (hl)
    0000022F 6F               [ 4]  756 	ld	l, a
    00000230 36 04            [12]  757 	ld	(hl), #0x04
                         00000232   758 	C$main.c$182$4_0$203	= .
                                    759 	.globl	C$main.c$182$4_0$203
                                    760 ;..\main.c:182: set_sprite_tile(i + 4, 4); // Use the black regular piece sprite tile
    00000232                        761 00103$:
                                    762 ;..\main.c:184: move_sprite(i + 4, blackPieces[i].x, blackPieces[i].y);
    00000232 F8 04            [12]  763 	ldhl	sp,#4
    00000234 2A               [ 8]  764 	ld	a, (hl+)
    00000235 4F               [ 4]  765 	ld	c, a
    00000236 46               [ 8]  766 	ld	b, (hl)
    00000237 69               [ 4]  767 	ld	l, c
    00000238 60               [ 4]  768 	ld	h, b
    00000239 29               [ 8]  769 	add	hl, hl
    0000023A 09               [ 8]  770 	add	hl, bc
    0000023B 11r73r02         [12]  771 	ld	de, #_blackPieces
    0000023E 19               [ 8]  772 	add	hl, de
    0000023F 4D               [ 4]  773 	ld	c, l
    00000240 44               [ 4]  774 	ld	b, h
    00000241 03               [ 8]  775 	inc	bc
    00000242 0A               [ 8]  776 	ld	a, (bc)
    00000243 5F               [ 4]  777 	ld	e, a
    00000244 4E               [ 8]  778 	ld	c, (hl)
    00000245 F8 04            [12]  779 	ldhl	sp,	#4
    00000247 7E               [ 8]  780 	ld	a, (hl)
    00000248 C6 04            [ 8]  781 	add	a, #0x04
                                    782 ;c:\users\bluej\onedrive\desktop\code projects\vs code\checkers revived i guess\checkers\gbdk\include\gb\gb.h:1973: OAM_item_t * itm = &shadow_OAM[nb];
    0000024A 6F               [ 4]  783 	ld	l, a
    0000024B 26 00            [ 8]  784 	ld	h, #0x00
    0000024D 29               [ 8]  785 	add	hl, hl
    0000024E 29               [ 8]  786 	add	hl, hl
    0000024F D5               [16]  787 	push	de
    00000250 11r00r00         [12]  788 	ld	de, #_shadow_OAM
    00000253 19               [ 8]  789 	add	hl, de
    00000254 D1               [12]  790 	pop	de
                                    791 ;c:\users\bluej\onedrive\desktop\code projects\vs code\checkers revived i guess\checkers\gbdk\include\gb\gb.h:1974: itm->y=y, itm->x=x;
    00000255 7B               [ 4]  792 	ld	a, e
    00000256 22               [ 8]  793 	ld	(hl+), a
    00000257 71               [ 8]  794 	ld	(hl), c
                         00000258   795 	C$main.c$178$2_0$201	= .
                                    796 	.globl	C$main.c$178$2_0$201
                                    797 ;..\main.c:178: for (int i = 0; i < 12; i++){
    00000258 F8 04            [12]  798 	ldhl	sp,	#4
    0000025A 34               [12]  799 	inc	(hl)
    0000025B C3rA6r01         [16]  800 	jp	00109$
    0000025E                        801 00111$:
                         0000025E   802 	C$main.c$186$2_0$200	= .
                                    803 	.globl	C$main.c$186$2_0$200
                                    804 ;..\main.c:186: }
    0000025E E8 06            [16]  805 	add	sp, #6
                         00000260   806 	C$main.c$186$2_0$200	= .
                                    807 	.globl	C$main.c$186$2_0$200
                         00000260   808 	XG$printBlack$0$0	= .
                                    809 	.globl	XG$printBlack$0$0
    00000260 C9               [16]  810 	ret
                         00000261   811 	G$printWhite$0$0	= .
                                    812 	.globl	G$printWhite$0$0
                         00000261   813 	C$main.c$187$2_0$215	= .
                                    814 	.globl	C$main.c$187$2_0$215
                                    815 ;..\main.c:187: void printWhite() {
                                    816 ;	---------------------------------
                                    817 ; Function printWhite
                                    818 ; ---------------------------------
    00000261                        819 _printWhite::
    00000261 E8 FA            [16]  820 	add	sp, #-6
                         00000263   821 	C$main.c$188$1_0$215	= .
                                    822 	.globl	C$main.c$188$1_0$215
                                    823 ;..\main.c:188: set_sprite_data(5, 12, white_piece);
    00000263 11rF3r01         [12]  824 	ld	de, #_white_piece
    00000266 D5               [16]  825 	push	de
    00000267 21 05 0C         [12]  826 	ld	hl, #0xc05
    0000026A E5               [16]  827 	push	hl
    0000026B CDr00r00         [24]  828 	call	_set_sprite_data
    0000026E E8 04            [16]  829 	add	sp, #4
                         00000270   830 	C$main.c$189$1_0$215	= .
                                    831 	.globl	C$main.c$189$1_0$215
                                    832 ;..\main.c:189: set_sprite_data(20, 12, whiteKing);
    00000270 11r63r02         [12]  833 	ld	de, #_whiteKing
    00000273 D5               [16]  834 	push	de
    00000274 21 14 0C         [12]  835 	ld	hl, #0xc14
    00000277 E5               [16]  836 	push	hl
    00000278 CDr00r00         [24]  837 	call	_set_sprite_data
    0000027B E8 04            [16]  838 	add	sp, #4
                         0000027D   839 	C$main.c$191$4_0$218	= .
                                    840 	.globl	C$main.c$191$4_0$218
                                    841 ;..\main.c:191: for (int i = 0; i < 12; i++){
    0000027D AF               [ 4]  842 	xor	a, a
    0000027E F8 04            [12]  843 	ldhl	sp,	#4
    00000280 22               [ 8]  844 	ld	(hl+), a
    00000281 77               [ 8]  845 	ld	(hl), a
    00000282                        846 00109$:
    00000282 F8 04            [12]  847 	ldhl	sp,	#4
    00000284 2A               [ 8]  848 	ld	a, (hl+)
    00000285 D6 0C            [ 8]  849 	sub	a, #0x0c
    00000287 7E               [ 8]  850 	ld	a, (hl)
    00000288 DE 00            [ 8]  851 	sbc	a, #0x00
    0000028A D2r3Ar03         [16]  852 	jp	NC, 00111$
                         0000028D   853 	C$main.c$192$4_0$218	= .
                                    854 	.globl	C$main.c$192$4_0$218
                                    855 ;..\main.c:192: if (whitePieces[i].isKing) {
    0000028D 2B               [ 8]  856 	dec	hl
    0000028E 2A               [ 8]  857 	ld	a, (hl+)
    0000028F 4F               [ 4]  858 	ld	c, a
    00000290 46               [ 8]  859 	ld	b, (hl)
    00000291 69               [ 4]  860 	ld	l, c
    00000292 60               [ 4]  861 	ld	h, b
    00000293 29               [ 8]  862 	add	hl, hl
    00000294 09               [ 8]  863 	add	hl, bc
    00000295 11r97r02         [12]  864 	ld	de, #_whitePieces
    00000298 19               [ 8]  865 	add	hl, de
    00000299 23               [ 8]  866 	inc	hl
    0000029A 23               [ 8]  867 	inc	hl
    0000029B 7E               [ 8]  868 	ld	a, (hl)
    0000029C F8 02            [12]  869 	ldhl	sp,	#2
    0000029E 77               [ 8]  870 	ld	(hl), a
                         0000029F   871 	C$main.c$193$2_0$215	= .
                                    872 	.globl	C$main.c$193$2_0$215
                                    873 ;..\main.c:193: set_sprite_tile(i + 16, 20); // Use the white king sprite tile
    0000029F F8 04            [12]  874 	ldhl	sp,	#4
    000002A1 3A               [ 8]  875 	ld	a, (hl-)
    000002A2 C6 10            [ 8]  876 	add	a, #0x10
                         000002A4   877 	C$main.c$192$4_0$218	= .
                                    878 	.globl	C$main.c$192$4_0$218
                                    879 ;..\main.c:192: if (whitePieces[i].isKing) {
    000002A4 32               [ 8]  880 	ld	(hl-), a
    000002A5 CB 46            [12]  881 	bit	0, (hl)
    000002A7 28 33            [12]  882 	jr	Z, 00102$
                                    883 ;..\main.c:193: set_sprite_tile(i + 16, 20); // Use the white king sprite tile
                                    884 ;c:\users\bluej\onedrive\desktop\code projects\vs code\checkers revived i guess\checkers\gbdk\include\gb\gb.h:1887: shadow_OAM[nb].tile=tile;
    000002A9 23               [ 8]  885 	inc	hl
    000002AA 3A               [ 8]  886 	ld	a, (hl-)
    000002AB 22               [ 8]  887 	ld	(hl+), a
    000002AC 36 00            [12]  888 	ld	(hl), #0x00
    000002AE 3E 02            [ 8]  889 	ld	a, #0x02
    000002B0                        890 00135$:
    000002B0 F8 02            [12]  891 	ldhl	sp,	#2
    000002B2 CB 26            [16]  892 	sla	(hl)
    000002B4 23               [ 8]  893 	inc	hl
    000002B5 CB 16            [16]  894 	rl	(hl)
    000002B7 3D               [ 4]  895 	dec	a
    000002B8 20 F6            [12]  896 	jr	NZ, 00135$
    000002BA 2B               [ 8]  897 	dec	hl
    000002BB 2A               [ 8]  898 	ld	a, (hl+)
    000002BC 5F               [ 4]  899 	ld	e, a
    000002BD 56               [ 8]  900 	ld	d, (hl)
    000002BE 21r00r00         [12]  901 	ld	hl, #_shadow_OAM
    000002C1 19               [ 8]  902 	add	hl, de
    000002C2 33               [ 8]  903 	inc	sp
    000002C3 33               [ 8]  904 	inc	sp
    000002C4 5D               [ 4]  905 	ld	e, l
    000002C5 54               [ 4]  906 	ld	d, h
    000002C6 D5               [16]  907 	push	de
    000002C7 21 02 00         [12]  908 	ld	hl, #0x0002
    000002CA 19               [ 8]  909 	add	hl, de
    000002CB E5               [16]  910 	push	hl
    000002CC 7D               [ 4]  911 	ld	a, l
    000002CD F8 04            [12]  912 	ldhl	sp,	#4
    000002CF 77               [ 8]  913 	ld	(hl), a
    000002D0 E1               [12]  914 	pop	hl
    000002D1 7C               [ 4]  915 	ld	a, h
    000002D2 F8 03            [12]  916 	ldhl	sp,	#3
    000002D4 32               [ 8]  917 	ld	(hl-), a
    000002D5 2A               [ 8]  918 	ld	a, (hl+)
    000002D6 66               [ 8]  919 	ld	h, (hl)
    000002D7 6F               [ 4]  920 	ld	l, a
    000002D8 36 14            [12]  921 	ld	(hl), #0x14
                         000002DA   922 	C$main.c$193$4_0$218	= .
                                    923 	.globl	C$main.c$193$4_0$218
                                    924 ;..\main.c:193: set_sprite_tile(i + 16, 20); // Use the white king sprite tile
    000002DA 18 32            [12]  925 	jr	00103$
    000002DC                        926 00102$:
                                    927 ;..\main.c:195: set_sprite_tile(i + 16, 5); // Use the white regular piece sprite tile
                                    928 ;c:\users\bluej\onedrive\desktop\code projects\vs code\checkers revived i guess\checkers\gbdk\include\gb\gb.h:1887: shadow_OAM[nb].tile=tile;
    000002DC F8 03            [12]  929 	ldhl	sp,	#3
    000002DE 3A               [ 8]  930 	ld	a, (hl-)
    000002DF 22               [ 8]  931 	ld	(hl+), a
    000002E0 36 00            [12]  932 	ld	(hl), #0x00
    000002E2 3E 02            [ 8]  933 	ld	a, #0x02
    000002E4                        934 00136$:
    000002E4 F8 02            [12]  935 	ldhl	sp,	#2
    000002E6 CB 26            [16]  936 	sla	(hl)
    000002E8 23               [ 8]  937 	inc	hl
    000002E9 CB 16            [16]  938 	rl	(hl)
    000002EB 3D               [ 4]  939 	dec	a
    000002EC 20 F6            [12]  940 	jr	NZ, 00136$
    000002EE 2B               [ 8]  941 	dec	hl
    000002EF 2A               [ 8]  942 	ld	a, (hl+)
    000002F0 5F               [ 4]  943 	ld	e, a
    000002F1 56               [ 8]  944 	ld	d, (hl)
    000002F2 21r00r00         [12]  945 	ld	hl, #_shadow_OAM
    000002F5 19               [ 8]  946 	add	hl, de
    000002F6 33               [ 8]  947 	inc	sp
    000002F7 33               [ 8]  948 	inc	sp
    000002F8 5D               [ 4]  949 	ld	e, l
    000002F9 54               [ 4]  950 	ld	d, h
    000002FA D5               [16]  951 	push	de
    000002FB 21 02 00         [12]  952 	ld	hl, #0x0002
    000002FE 19               [ 8]  953 	add	hl, de
    000002FF E5               [16]  954 	push	hl
    00000300 7D               [ 4]  955 	ld	a, l
    00000301 F8 04            [12]  956 	ldhl	sp,	#4
    00000303 77               [ 8]  957 	ld	(hl), a
    00000304 E1               [12]  958 	pop	hl
    00000305 7C               [ 4]  959 	ld	a, h
    00000306 F8 03            [12]  960 	ldhl	sp,	#3
    00000308 32               [ 8]  961 	ld	(hl-), a
    00000309 2A               [ 8]  962 	ld	a, (hl+)
    0000030A 66               [ 8]  963 	ld	h, (hl)
    0000030B 6F               [ 4]  964 	ld	l, a
    0000030C 36 05            [12]  965 	ld	(hl), #0x05
                         0000030E   966 	C$main.c$195$4_0$218	= .
                                    967 	.globl	C$main.c$195$4_0$218
                                    968 ;..\main.c:195: set_sprite_tile(i + 16, 5); // Use the white regular piece sprite tile
    0000030E                        969 00103$:
                                    970 ;..\main.c:197: move_sprite(i + 16, whitePieces[i].x, whitePieces[i].y);
    0000030E F8 04            [12]  971 	ldhl	sp,#4
    00000310 2A               [ 8]  972 	ld	a, (hl+)
    00000311 4F               [ 4]  973 	ld	c, a
    00000312 46               [ 8]  974 	ld	b, (hl)
    00000313 69               [ 4]  975 	ld	l, c
    00000314 60               [ 4]  976 	ld	h, b
    00000315 29               [ 8]  977 	add	hl, hl
    00000316 09               [ 8]  978 	add	hl, bc
    00000317 11r97r02         [12]  979 	ld	de, #_whitePieces
    0000031A 19               [ 8]  980 	add	hl, de
    0000031B 4D               [ 4]  981 	ld	c, l
    0000031C 44               [ 4]  982 	ld	b, h
    0000031D 03               [ 8]  983 	inc	bc
    0000031E 0A               [ 8]  984 	ld	a, (bc)
    0000031F 5F               [ 4]  985 	ld	e, a
    00000320 4E               [ 8]  986 	ld	c, (hl)
    00000321 F8 04            [12]  987 	ldhl	sp,	#4
    00000323 7E               [ 8]  988 	ld	a, (hl)
    00000324 C6 10            [ 8]  989 	add	a, #0x10
                                    990 ;c:\users\bluej\onedrive\desktop\code projects\vs code\checkers revived i guess\checkers\gbdk\include\gb\gb.h:1973: OAM_item_t * itm = &shadow_OAM[nb];
    00000326 6F               [ 4]  991 	ld	l, a
    00000327 26 00            [ 8]  992 	ld	h, #0x00
    00000329 29               [ 8]  993 	add	hl, hl
    0000032A 29               [ 8]  994 	add	hl, hl
    0000032B D5               [16]  995 	push	de
    0000032C 11r00r00         [12]  996 	ld	de, #_shadow_OAM
    0000032F 19               [ 8]  997 	add	hl, de
    00000330 D1               [12]  998 	pop	de
                                    999 ;c:\users\bluej\onedrive\desktop\code projects\vs code\checkers revived i guess\checkers\gbdk\include\gb\gb.h:1974: itm->y=y, itm->x=x;
    00000331 7B               [ 4] 1000 	ld	a, e
    00000332 22               [ 8] 1001 	ld	(hl+), a
    00000333 71               [ 8] 1002 	ld	(hl), c
                         00000334  1003 	C$main.c$191$2_0$216	= .
                                   1004 	.globl	C$main.c$191$2_0$216
                                   1005 ;..\main.c:191: for (int i = 0; i < 12; i++){
    00000334 F8 04            [12] 1006 	ldhl	sp,	#4
    00000336 34               [12] 1007 	inc	(hl)
    00000337 C3r82r02         [16] 1008 	jp	00109$
    0000033A                       1009 00111$:
                         0000033A  1010 	C$main.c$199$2_0$215	= .
                                   1011 	.globl	C$main.c$199$2_0$215
                                   1012 ;..\main.c:199: }
    0000033A E8 06            [16] 1013 	add	sp, #6
                         0000033C  1014 	C$main.c$199$2_0$215	= .
                                   1015 	.globl	C$main.c$199$2_0$215
                         0000033C  1016 	XG$printWhite$0$0	= .
                                   1017 	.globl	XG$printWhite$0$0
    0000033C C9               [16] 1018 	ret
                         0000033D  1019 	G$isMoveWithinBoard$0$0	= .
                                   1020 	.globl	G$isMoveWithinBoard$0$0
                         0000033D  1021 	C$main.c$200$2_0$231	= .
                                   1022 	.globl	C$main.c$200$2_0$231
                                   1023 ;..\main.c:200: bool isMoveWithinBoard(UINT8 x, UINT8 y) {
                                   1024 ;	---------------------------------
                                   1025 ; Function isMoveWithinBoard
                                   1026 ; ---------------------------------
    0000033D                       1027 _isMoveWithinBoard::
                         0000033D  1028 	C$main.c$201$1_0$231	= .
                                   1029 	.globl	C$main.c$201$1_0$231
                                   1030 ;..\main.c:201: return (x >= 20 && x <=148 && y >= 20 && y <= 148);
    0000033D FE 14            [ 8] 1031 	cp	a, #0x14
    0000033F 38 0E            [12] 1032 	jr	C, 00103$
    00000341 FE 95            [ 8] 1033 	cp	a, #0x95
    00000343 30 0A            [12] 1034 	jr	NC, 00103$
    00000345 7B               [ 4] 1035 	ld	a, e
    00000346 D6 14            [ 8] 1036 	sub	a, #0x14
    00000348 38 05            [12] 1037 	jr	C, 00103$
    0000034A 3E 94            [ 8] 1038 	ld	a, #0x94
    0000034C 93               [ 4] 1039 	sub	a, e
    0000034D 30 02            [12] 1040 	jr	NC, 00104$
    0000034F                       1041 00103$:
    0000034F AF               [ 4] 1042 	xor	a, a
    00000350 C9               [16] 1043 	ret
    00000351                       1044 00104$:
    00000351 3E 01            [ 8] 1045 	ld	a, #0x01
                         00000353  1046 	C$main.c$202$1_0$231	= .
                                   1047 	.globl	C$main.c$202$1_0$231
                                   1048 ;..\main.c:202: }
                         00000353  1049 	C$main.c$202$1_0$231	= .
                                   1050 	.globl	C$main.c$202$1_0$231
                         00000353  1051 	XG$isMoveWithinBoard$0$0	= .
                                   1052 	.globl	XG$isMoveWithinBoard$0$0
    00000353 C9               [16] 1053 	ret
                         00000354  1054 	G$getCaptureIndex$0$0	= .
                                   1055 	.globl	G$getCaptureIndex$0$0
                         00000354  1056 	C$main.c$203$1_0$233	= .
                                   1057 	.globl	C$main.c$203$1_0$233
                                   1058 ;..\main.c:203: int getCaptureIndex(UINT8 capturedX, UINT8 capturedY, Piece* opponentPieces, int numOpponentPieces) {
                                   1059 ;	---------------------------------
                                   1060 ; Function getCaptureIndex
                                   1061 ; ---------------------------------
    00000354                       1062 _getCaptureIndex::
    00000354 E8 FA            [16] 1063 	add	sp, #-6
    00000356 F8 05            [12] 1064 	ldhl	sp,	#5
    00000358 32               [ 8] 1065 	ld	(hl-), a
    00000359 73               [ 8] 1066 	ld	(hl), e
                         0000035A  1067 	C$main.c$205$3_0$234	= .
                                   1068 	.globl	C$main.c$205$3_0$234
                                   1069 ;..\main.c:205: for (int i = 0; i < numOpponentPieces; i++) {
    0000035A AF               [ 4] 1070 	xor	a, a
    0000035B F8 00            [12] 1071 	ldhl	sp,	#0
    0000035D 22               [ 8] 1072 	ld	(hl+), a
    0000035E 77               [ 8] 1073 	ld	(hl), a
    0000035F 01 00 00         [12] 1074 	ld	bc, #0x0000
    00000362                       1075 00106$:
    00000362 F8 0A            [12] 1076 	ldhl	sp,	#10
    00000364 79               [ 4] 1077 	ld	a, c
    00000365 96               [ 8] 1078 	sub	a, (hl)
    00000366 23               [ 8] 1079 	inc	hl
    00000367 78               [ 4] 1080 	ld	a, b
    00000368 9E               [ 8] 1081 	sbc	a, (hl)
    00000369 78               [ 4] 1082 	ld	a, b
    0000036A 57               [ 4] 1083 	ld	d, a
    0000036B 5E               [ 8] 1084 	ld	e, (hl)
    0000036C CB 7B            [ 8] 1085 	bit	7, e
    0000036E 28 07            [12] 1086 	jr	Z, 00138$
    00000370 CB 7A            [ 8] 1087 	bit	7, d
    00000372 20 08            [12] 1088 	jr	NZ, 00139$
    00000374 BF               [ 4] 1089 	cp	a, a
    00000375 18 05            [12] 1090 	jr	00139$
    00000377                       1091 00138$:
    00000377 CB 7A            [ 8] 1092 	bit	7, d
    00000379 28 01            [12] 1093 	jr	Z, 00139$
    0000037B 37               [ 4] 1094 	scf
    0000037C                       1095 00139$:
    0000037C 30 33            [12] 1096 	jr	NC, 00104$
                         0000037E  1097 	C$main.c$206$3_0$235	= .
                                   1098 	.globl	C$main.c$206$3_0$235
                                   1099 ;..\main.c:206: UINT8 pieceX = opponentPieces[i].x;
    0000037E 69               [ 4] 1100 	ld	l, c
    0000037F 60               [ 4] 1101 	ld	h, b
    00000380 29               [ 8] 1102 	add	hl, hl
    00000381 09               [ 8] 1103 	add	hl, bc
    00000382 E5               [16] 1104 	push	hl
    00000383 7D               [ 4] 1105 	ld	a, l
    00000384 F8 04            [12] 1106 	ldhl	sp,	#4
    00000386 77               [ 8] 1107 	ld	(hl), a
    00000387 E1               [12] 1108 	pop	hl
    00000388 7C               [ 4] 1109 	ld	a, h
    00000389 F8 03            [12] 1110 	ldhl	sp,	#3
    0000038B 32               [ 8] 1111 	ld	(hl-), a
    0000038C 2A               [ 8] 1112 	ld	a, (hl+)
    0000038D 5F               [ 4] 1113 	ld	e, a
    0000038E 56               [ 8] 1114 	ld	d, (hl)
    0000038F F8 08            [12] 1115 	ldhl	sp,	#8
    00000391 2A               [ 8] 1116 	ld	a,	(hl+)
    00000392 66               [ 8] 1117 	ld	h, (hl)
    00000393 6F               [ 4] 1118 	ld	l, a
    00000394 19               [ 8] 1119 	add	hl, de
    00000395 5D               [ 4] 1120 	ld	e, l
    00000396 54               [ 4] 1121 	ld	d, h
    00000397 1A               [ 8] 1122 	ld	a, (de)
                         00000398  1123 	C$main.c$207$3_0$235	= .
                                   1124 	.globl	C$main.c$207$3_0$235
                                   1125 ;..\main.c:207: UINT8 pieceY = opponentPieces[i].y;
    00000398 6B               [ 4] 1126 	ld	l, e
    00000399 62               [ 4] 1127 	ld	h, d
    0000039A 23               [ 8] 1128 	inc	hl
    0000039B 5E               [ 8] 1129 	ld	e, (hl)
                         0000039C  1130 	C$main.c$208$4_0$236	= .
                                   1131 	.globl	C$main.c$208$4_0$236
                                   1132 ;..\main.c:208: if (capturedX == pieceX && capturedY == pieceY) {
    0000039C F8 05            [12] 1133 	ldhl	sp,	#5
    0000039E 96               [ 8] 1134 	sub	a, (hl)
    0000039F 20 0A            [12] 1135 	jr	NZ, 00107$
    000003A1 F8 04            [12] 1136 	ldhl	sp,	#4
    000003A3 7E               [ 8] 1137 	ld	a, (hl)
    000003A4 93               [ 4] 1138 	sub	a, e
    000003A5 20 04            [12] 1139 	jr	NZ, 00107$
                         000003A7  1140 	C$main.c$210$5_0$237	= .
                                   1141 	.globl	C$main.c$210$5_0$237
                                   1142 ;..\main.c:210: return i;
    000003A7 C1               [12] 1143 	pop	bc
    000003A8 C5               [16] 1144 	push	bc
    000003A9 18 09            [12] 1145 	jr	00108$
    000003AB                       1146 00107$:
                         000003AB  1147 	C$main.c$205$2_0$234	= .
                                   1148 	.globl	C$main.c$205$2_0$234
                                   1149 ;..\main.c:205: for (int i = 0; i < numOpponentPieces; i++) {
    000003AB 03               [ 8] 1150 	inc	bc
    000003AC 33               [ 8] 1151 	inc	sp
    000003AD 33               [ 8] 1152 	inc	sp
    000003AE C5               [16] 1153 	push	bc
    000003AF 18 B1            [12] 1154 	jr	00106$
    000003B1                       1155 00104$:
                         000003B1  1156 	C$main.c$214$1_0$233	= .
                                   1157 	.globl	C$main.c$214$1_0$233
                                   1158 ;..\main.c:214: return -1;
    000003B1 01 FF FF         [12] 1159 	ld	bc, #0xffff
    000003B4                       1160 00108$:
                         000003B4  1161 	C$main.c$215$1_0$233	= .
                                   1162 	.globl	C$main.c$215$1_0$233
                                   1163 ;..\main.c:215: }
    000003B4 E8 06            [16] 1164 	add	sp, #6
    000003B6 E1               [12] 1165 	pop	hl
    000003B7 E8 04            [16] 1166 	add	sp, #4
    000003B9 E9               [ 4] 1167 	jp	(hl)
                         000003BA  1168 	G$isValidMove$0$0	= .
                                   1169 	.globl	G$isValidMove$0$0
                         000003BA  1170 	C$main.c$217$1_0$239	= .
                                   1171 	.globl	C$main.c$217$1_0$239
                                   1172 ;..\main.c:217: bool isValidMove(UINT8 cursorx, UINT8 cursory, UINT8 currentPlayer, int selectedCoords) {
                                   1173 ;	---------------------------------
                                   1174 ; Function isValidMove
                                   1175 ; ---------------------------------
    000003BA                       1176 _isValidMove::
    000003BA E8 F6            [16] 1177 	add	sp, #-10
    000003BC F8 09            [12] 1178 	ldhl	sp,	#9
    000003BE 32               [ 8] 1179 	ld	(hl-), a
    000003BF 73               [ 8] 1180 	ld	(hl), e
                         000003C0  1181 	C$main.c$223$2_0$240	= .
                                   1182 	.globl	C$main.c$223$2_0$240
                                   1183 ;..\main.c:223: if (currentPlayer == BLACK_PLAYER) {
    000003C0 F8 0C            [12] 1184 	ldhl	sp,	#12
    000003C2 7E               [ 8] 1185 	ld	a, (hl)
    000003C3 B7               [ 4] 1186 	or	a, a
    000003C4 20 09            [12] 1187 	jr	NZ, 00102$
                         000003C6  1188 	C$main.c$224$3_0$241	= .
                                   1189 	.globl	C$main.c$224$3_0$241
                                   1190 ;..\main.c:224: pieces = blackPieces;
    000003C6 F8 04            [12] 1191 	ldhl	sp,	#4
    000003C8 36r73            [12] 1192 	ld	(hl), #<(_blackPieces)
    000003CA 23               [ 8] 1193 	inc	hl
    000003CB 36s02            [12] 1194 	ld	(hl), #>(_blackPieces)
                         000003CD  1195 	C$main.c$227$2_0$240	= .
                                   1196 	.globl	C$main.c$227$2_0$240
                                   1197 ;..\main.c:227: numOpponentPieces = MAX_WHITE_PIECES;
    000003CD 18 07            [12] 1198 	jr	00103$
    000003CF                       1199 00102$:
                         000003CF  1200 	C$main.c$229$3_0$242	= .
                                   1201 	.globl	C$main.c$229$3_0$242
                                   1202 ;..\main.c:229: pieces = whitePieces;
    000003CF F8 04            [12] 1203 	ldhl	sp,	#4
    000003D1 3Er97            [ 8] 1204 	ld	a, #<(_whitePieces)
    000003D3 22               [ 8] 1205 	ld	(hl+), a
    000003D4 36s02            [12] 1206 	ld	(hl), #>(_whitePieces)
                         000003D6  1207 	C$main.c$232$2_0$240	= .
                                   1208 	.globl	C$main.c$232$2_0$240
                                   1209 ;..\main.c:232: numOpponentPieces = MAX_BLACK_PIECES;
    000003D6                       1210 00103$:
                         000003D6  1211 	C$main.c$235$1_1$243	= .
                                   1212 	.globl	C$main.c$235$1_1$243
                                   1213 ;..\main.c:235: int dx = cursorx - pieces[selectedCoords].x;
    000003D6 F8 09            [12] 1214 	ldhl	sp,	#9
    000003D8 7E               [ 8] 1215 	ld	a, (hl)
    000003D9 F8 06            [12] 1216 	ldhl	sp,	#6
    000003DB 22               [ 8] 1217 	ld	(hl+), a
    000003DC 36 00            [12] 1218 	ld	(hl), #0x00
    000003DE F8 0D            [12] 1219 	ldhl	sp,#13
    000003E0 2A               [ 8] 1220 	ld	a, (hl+)
    000003E1 4F               [ 4] 1221 	ld	c, a
    000003E2 46               [ 8] 1222 	ld	b, (hl)
    000003E3 69               [ 4] 1223 	ld	l, c
    000003E4 60               [ 4] 1224 	ld	h, b
    000003E5 29               [ 8] 1225 	add	hl, hl
    000003E6 09               [ 8] 1226 	add	hl, bc
    000003E7 4D               [ 4] 1227 	ld	c, l
    000003E8 44               [ 4] 1228 	ld	b, h
    000003E9 F8 04            [12] 1229 	ldhl	sp,	#4
    000003EB 2A               [ 8] 1230 	ld	a,	(hl+)
    000003EC 66               [ 8] 1231 	ld	h, (hl)
    000003ED 6F               [ 4] 1232 	ld	l, a
    000003EE 09               [ 8] 1233 	add	hl, bc
    000003EF 33               [ 8] 1234 	inc	sp
    000003F0 33               [ 8] 1235 	inc	sp
    000003F1 5D               [ 4] 1236 	ld	e, l
    000003F2 54               [ 4] 1237 	ld	d, h
    000003F3 D5               [16] 1238 	push	de
    000003F4 1A               [ 8] 1239 	ld	a, (de)
    000003F5 4F               [ 4] 1240 	ld	c, a
    000003F6 06 00            [ 8] 1241 	ld	b, #0x00
    000003F8 F8 06            [12] 1242 	ldhl	sp,#6
    000003FA 2A               [ 8] 1243 	ld	a, (hl+)
    000003FB 5F               [ 4] 1244 	ld	e, a
    000003FC 56               [ 8] 1245 	ld	d, (hl)
    000003FD 7B               [ 4] 1246 	ld	a, e
    000003FE 91               [ 4] 1247 	sub	a, c
    000003FF 5F               [ 4] 1248 	ld	e, a
    00000400 7A               [ 4] 1249 	ld	a, d
    00000401 98               [ 4] 1250 	sbc	a, b
    00000402 F8 03            [12] 1251 	ldhl	sp,	#3
    00000404 32               [ 8] 1252 	ld	(hl-), a
    00000405 73               [ 8] 1253 	ld	(hl), e
                         00000406  1254 	C$main.c$236$1_1$243	= .
                                   1255 	.globl	C$main.c$236$1_1$243
                                   1256 ;..\main.c:236: int dy = cursory - pieces[selectedCoords].y;
    00000406 F8 08            [12] 1257 	ldhl	sp,	#8
    00000408 4E               [ 8] 1258 	ld	c, (hl)
    00000409 06 00            [ 8] 1259 	ld	b, #0x00
    0000040B D1               [12] 1260 	pop	de
    0000040C D5               [16] 1261 	push	de
    0000040D 13               [ 8] 1262 	inc	de
    0000040E 1A               [ 8] 1263 	ld	a, (de)
    0000040F F8 04            [12] 1264 	ldhl	sp,	#4
    00000411 22               [ 8] 1265 	ld	(hl+), a
    00000412 AF               [ 4] 1266 	xor	a, a
    00000413 32               [ 8] 1267 	ld	(hl-), a
    00000414 2A               [ 8] 1268 	ld	a, (hl+)
    00000415 5F               [ 4] 1269 	ld	e, a
    00000416 2A               [ 8] 1270 	ld	a, (hl+)
    00000417 23               [ 8] 1271 	inc	hl
    00000418 57               [ 4] 1272 	ld	d, a
    00000419 79               [ 4] 1273 	ld	a, c
    0000041A 93               [ 4] 1274 	sub	a, e
    0000041B 5F               [ 4] 1275 	ld	e, a
    0000041C 78               [ 4] 1276 	ld	a, b
    0000041D 9A               [ 4] 1277 	sbc	a, d
    0000041E 32               [ 8] 1278 	ld	(hl-), a
                         0000041F  1279 	C$main.c$238$2_1$244	= .
                                   1280 	.globl	C$main.c$238$2_1$244
                                   1281 ;..\main.c:238: if (!(isMoveWithinBoard(cursorx, cursory))) {
    0000041F 7B               [ 4] 1282 	ld	a, e
    00000420 22               [ 8] 1283 	ld	(hl+), a
    00000421 23               [ 8] 1284 	inc	hl
    00000422 2A               [ 8] 1285 	ld	a, (hl+)
    00000423 5F               [ 4] 1286 	ld	e, a
    00000424 7E               [ 8] 1287 	ld	a, (hl)
    00000425 CDr3Dr03         [24] 1288 	call	_isMoveWithinBoard
    00000428 4F               [ 4] 1289 	ld	c, a
    00000429 CB 41            [ 8] 1290 	bit	0, c
    0000042B 20 04            [12] 1291 	jr	NZ, 00105$
                         0000042D  1292 	C$main.c$239$3_1$245	= .
                                   1293 	.globl	C$main.c$239$3_1$245
                                   1294 ;..\main.c:239: return false;
    0000042D AF               [ 4] 1295 	xor	a, a
    0000042E C3r58r05         [16] 1296 	jp	00131$
    00000431                       1297 00105$:
                         00000431  1298 	C$main.c$242$2_1$246	= .
                                   1299 	.globl	C$main.c$242$2_1$246
                                   1300 ;..\main.c:242: if (selectedCoords < 0 || selectedCoords >= numPieces) {
    00000431 F8 0E            [12] 1301 	ldhl	sp,	#14
    00000433 CB 7E            [12] 1302 	bit	7, (hl)
    00000435 20 1D            [12] 1303 	jr	NZ, 00106$
    00000437 2B               [ 8] 1304 	dec	hl
    00000438 2A               [ 8] 1305 	ld	a, (hl+)
    00000439 D6 0C            [ 8] 1306 	sub	a, #0x0c
    0000043B 7E               [ 8] 1307 	ld	a, (hl)
    0000043C DE 00            [ 8] 1308 	sbc	a, #0x00
    0000043E 56               [ 8] 1309 	ld	d, (hl)
    0000043F 3E 00            [ 8] 1310 	ld	a, #0x00
    00000441 5F               [ 4] 1311 	ld	e, a
    00000442 CB 7B            [ 8] 1312 	bit	7, e
    00000444 28 07            [12] 1313 	jr	Z, 00238$
    00000446 CB 7A            [ 8] 1314 	bit	7, d
    00000448 20 08            [12] 1315 	jr	NZ, 00239$
    0000044A BF               [ 4] 1316 	cp	a, a
    0000044B 18 05            [12] 1317 	jr	00239$
    0000044D                       1318 00238$:
    0000044D CB 7A            [ 8] 1319 	bit	7, d
    0000044F 28 01            [12] 1320 	jr	Z, 00239$
    00000451 37               [ 4] 1321 	scf
    00000452                       1322 00239$:
    00000452 38 04            [12] 1323 	jr	C, 00107$
    00000454                       1324 00106$:
                         00000454  1325 	C$main.c$243$3_1$247	= .
                                   1326 	.globl	C$main.c$243$3_1$247
                                   1327 ;..\main.c:243: return false;
    00000454 AF               [ 4] 1328 	xor	a, a
    00000455 C3r58r05         [16] 1329 	jp	00131$
    00000458                       1330 00107$:
                         00000458  1331 	C$main.c$246$2_1$248	= .
                                   1332 	.globl	C$main.c$246$2_1$248
                                   1333 ;..\main.c:246: if (abs(dx) != abs(dy)) {
    00000458 F8 02            [12] 1334 	ldhl	sp,	#2
    0000045A 2A               [ 8] 1335 	ld	a, (hl+)
    0000045B 5F               [ 4] 1336 	ld	e, a
    0000045C 56               [ 8] 1337 	ld	d, (hl)
    0000045D CDr00r00         [24] 1338 	call	_abs
    00000460 C5               [16] 1339 	push	bc
    00000461 F8 08            [12] 1340 	ldhl	sp,	#8
    00000463 2A               [ 8] 1341 	ld	a, (hl+)
    00000464 5F               [ 4] 1342 	ld	e, a
    00000465 56               [ 8] 1343 	ld	d, (hl)
    00000466 CDr00r00         [24] 1344 	call	_abs
    00000469 59               [ 4] 1345 	ld	e, c
    0000046A 50               [ 4] 1346 	ld	d, b
    0000046B C1               [12] 1347 	pop	bc
    0000046C 7B               [ 4] 1348 	ld	a, e
    0000046D 91               [ 4] 1349 	sub	a, c
    0000046E 20 04            [12] 1350 	jr	NZ, 00240$
    00000470 7A               [ 4] 1351 	ld	a, d
    00000471 90               [ 4] 1352 	sub	a, b
    00000472 28 04            [12] 1353 	jr	Z, 00110$
    00000474                       1354 00240$:
                         00000474  1355 	C$main.c$247$3_1$249	= .
                                   1356 	.globl	C$main.c$247$3_1$249
                                   1357 ;..\main.c:247: return false;
    00000474 AF               [ 4] 1358 	xor	a, a
    00000475 C3r58r05         [16] 1359 	jp	00131$
    00000478                       1360 00110$:
                         00000478  1361 	C$main.c$250$1_1$239	= .
                                   1362 	.globl	C$main.c$250$1_1$239
                                   1363 ;..\main.c:250: if ((currentPlayer == BLACK_PLAYER && dy < 0 && !pieces[selectedCoords].isKing) ||
    00000478 C1               [12] 1364 	pop	bc
    00000479 C5               [16] 1365 	push	bc
    0000047A 03               [ 8] 1366 	inc	bc
    0000047B 03               [ 8] 1367 	inc	bc
    0000047C F8 0C            [12] 1368 	ldhl	sp,	#12
    0000047E 7E               [ 8] 1369 	ld	a, (hl)
    0000047F B7               [ 4] 1370 	or	a, a
    00000480 20 0C            [12] 1371 	jr	NZ, 00117$
    00000482 F8 07            [12] 1372 	ldhl	sp,	#7
    00000484 CB 7E            [12] 1373 	bit	7, (hl)
    00000486 28 06            [12] 1374 	jr	Z, 00117$
    00000488 0A               [ 8] 1375 	ld	a, (bc)
    00000489 5F               [ 4] 1376 	ld	e, a
    0000048A CB 43            [ 8] 1377 	bit	0, e
    0000048C 28 2A            [12] 1378 	jr	Z, 00111$
    0000048E                       1379 00117$:
                         0000048E  1380 	C$main.c$251$2_1$250	= .
                                   1381 	.globl	C$main.c$251$2_1$250
                                   1382 ;..\main.c:251: (currentPlayer == WHITE_PLAYER && dy > 0 && !pieces[selectedCoords].isKing)) {
    0000048E F8 0C            [12] 1383 	ldhl	sp,	#12
    00000490 7E               [ 8] 1384 	ld	a, (hl)
    00000491 3D               [ 4] 1385 	dec	a
    00000492 20 28            [12] 1386 	jr	NZ, 00146$
    00000494 F8 06            [12] 1387 	ldhl	sp,	#6
    00000496 AF               [ 4] 1388 	xor	a, a
    00000497 96               [ 8] 1389 	sub	a, (hl)
    00000498 23               [ 8] 1390 	inc	hl
    00000499 3E 00            [ 8] 1391 	ld	a, #0x00
    0000049B 9E               [ 8] 1392 	sbc	a, (hl)
    0000049C 3E 00            [ 8] 1393 	ld	a, #0x00
    0000049E 57               [ 4] 1394 	ld	d, a
    0000049F 5E               [ 8] 1395 	ld	e, (hl)
    000004A0 CB 7B            [ 8] 1396 	bit	7, e
    000004A2 28 07            [12] 1397 	jr	Z, 00243$
    000004A4 CB 7A            [ 8] 1398 	bit	7, d
    000004A6 20 08            [12] 1399 	jr	NZ, 00244$
    000004A8 BF               [ 4] 1400 	cp	a, a
    000004A9 18 05            [12] 1401 	jr	00244$
    000004AB                       1402 00243$:
    000004AB CB 7A            [ 8] 1403 	bit	7, d
    000004AD 28 01            [12] 1404 	jr	Z, 00244$
    000004AF 37               [ 4] 1405 	scf
    000004B0                       1406 00244$:
    000004B0 30 0A            [12] 1407 	jr	NC, 00146$
    000004B2 0A               [ 8] 1408 	ld	a, (bc)
    000004B3 4F               [ 4] 1409 	ld	c, a
    000004B4 CB 41            [ 8] 1410 	bit	0, c
    000004B6 20 04            [12] 1411 	jr	NZ, 00146$
    000004B8                       1412 00111$:
                         000004B8  1413 	C$main.c$252$3_1$251	= .
                                   1414 	.globl	C$main.c$252$3_1$251
                                   1415 ;..\main.c:252: return false;
    000004B8 AF               [ 4] 1416 	xor	a, a
    000004B9 C3r58r05         [16] 1417 	jp	00131$
                         000004BC  1418 	C$main.c$255$1_1$239	= .
                                   1419 	.globl	C$main.c$255$1_1$239
                                   1420 ;..\main.c:255: for (int i = 0; i < numPieces; i++) {
    000004BC                       1421 00146$:
    000004BC 01 00 00         [12] 1422 	ld	bc, #0x0000
    000004BF                       1423 00129$:
    000004BF 79               [ 4] 1424 	ld	a, c
    000004C0 D6 0C            [ 8] 1425 	sub	a, #0x0c
    000004C2 30 49            [12] 1426 	jr	NC, 00124$
                         000004C4  1427 	C$main.c$256$1_1$239	= .
                                   1428 	.globl	C$main.c$256$1_1$239
                                   1429 ;..\main.c:256: if (whitePieces[i].x == cursorx && whitePieces[i].y == cursory) {
    000004C4 69               [ 4] 1430 	ld	l, c
    000004C5 60               [ 4] 1431 	ld	h, b
    000004C6 29               [ 8] 1432 	add	hl, hl
    000004C7 09               [ 8] 1433 	add	hl, bc
    000004C8 E5               [16] 1434 	push	hl
    000004C9 7D               [ 4] 1435 	ld	a, l
    000004CA F8 06            [12] 1436 	ldhl	sp,	#6
    000004CC 77               [ 8] 1437 	ld	(hl), a
    000004CD E1               [12] 1438 	pop	hl
    000004CE 7C               [ 4] 1439 	ld	a, h
    000004CF F8 05            [12] 1440 	ldhl	sp,	#5
    000004D1 77               [ 8] 1441 	ld	(hl), a
    000004D2 11r97r02         [12] 1442 	ld	de, #_whitePieces
    000004D5 3A               [ 8] 1443 	ld	a, (hl-)
    000004D6 6E               [ 8] 1444 	ld	l, (hl)
    000004D7 67               [ 4] 1445 	ld	h, a
    000004D8 19               [ 8] 1446 	add	hl, de
    000004D9 5D               [ 4] 1447 	ld	e, l
    000004DA 54               [ 4] 1448 	ld	d, h
    000004DB 1A               [ 8] 1449 	ld	a, (de)
    000004DC F8 09            [12] 1450 	ldhl	sp,	#9
    000004DE 96               [ 8] 1451 	sub	a, (hl)
    000004DF 20 0C            [12] 1452 	jr	NZ, 00119$
    000004E1 13               [ 8] 1453 	inc	de
    000004E2 1A               [ 8] 1454 	ld	a, (de)
    000004E3 5F               [ 4] 1455 	ld	e, a
    000004E4 F8 08            [12] 1456 	ldhl	sp,	#8
    000004E6 7E               [ 8] 1457 	ld	a, (hl)
    000004E7 93               [ 4] 1458 	sub	a, e
    000004E8 20 03            [12] 1459 	jr	NZ, 00119$
                         000004EA  1460 	C$main.c$257$5_1$255	= .
                                   1461 	.globl	C$main.c$257$5_1$255
                                   1462 ;..\main.c:257: return false;
    000004EA AF               [ 4] 1463 	xor	a, a
    000004EB 18 6B            [12] 1464 	jr	00131$
    000004ED                       1465 00119$:
                         000004ED  1466 	C$main.c$259$4_1$256	= .
                                   1467 	.globl	C$main.c$259$4_1$256
                                   1468 ;..\main.c:259: if (blackPieces[i].x == cursorx && blackPieces[i].y == cursory) {
    000004ED 11r73r02         [12] 1469 	ld	de, #_blackPieces
    000004F0 F8 04            [12] 1470 	ldhl	sp,	#4
    000004F2 2A               [ 8] 1471 	ld	a,	(hl+)
    000004F3 66               [ 8] 1472 	ld	h, (hl)
    000004F4 6F               [ 4] 1473 	ld	l, a
    000004F5 19               [ 8] 1474 	add	hl, de
    000004F6 5D               [ 4] 1475 	ld	e, l
    000004F7 54               [ 4] 1476 	ld	d, h
    000004F8 1A               [ 8] 1477 	ld	a, (de)
    000004F9 F8 09            [12] 1478 	ldhl	sp,	#9
    000004FB 96               [ 8] 1479 	sub	a, (hl)
    000004FC 20 0C            [12] 1480 	jr	NZ, 00130$
    000004FE 13               [ 8] 1481 	inc	de
    000004FF 1A               [ 8] 1482 	ld	a, (de)
    00000500 5F               [ 4] 1483 	ld	e, a
    00000501 F8 08            [12] 1484 	ldhl	sp,	#8
    00000503 7E               [ 8] 1485 	ld	a, (hl)
    00000504 93               [ 4] 1486 	sub	a, e
    00000505 20 03            [12] 1487 	jr	NZ, 00130$
                         00000507  1488 	C$main.c$260$5_1$257	= .
                                   1489 	.globl	C$main.c$260$5_1$257
                                   1490 ;..\main.c:260: return false;
    00000507 AF               [ 4] 1491 	xor	a, a
    00000508 18 4E            [12] 1492 	jr	00131$
    0000050A                       1493 00130$:
                         0000050A  1494 	C$main.c$255$2_1$252	= .
                                   1495 	.globl	C$main.c$255$2_1$252
                                   1496 ;..\main.c:255: for (int i = 0; i < numPieces; i++) {
    0000050A 03               [ 8] 1497 	inc	bc
    0000050B 18 B2            [12] 1498 	jr	00129$
    0000050D                       1499 00124$:
                         0000050D  1500 	C$main.c$263$2_1$258	= .
                                   1501 	.globl	C$main.c$263$2_1$258
                                   1502 ;..\main.c:263: if (abs(dx) > 2 * SQUARE_SIZE || abs(dy) > 2 * SQUARE_SIZE) {
    0000050D F8 02            [12] 1503 	ldhl	sp,	#2
    0000050F 2A               [ 8] 1504 	ld	a, (hl+)
    00000510 5F               [ 4] 1505 	ld	e, a
    00000511 56               [ 8] 1506 	ld	d, (hl)
    00000512 CDr00r00         [24] 1507 	call	_abs
    00000515 58               [ 4] 1508 	ld	e, b
    00000516 16 00            [ 8] 1509 	ld	d, #0x00
    00000518 3E 20            [ 8] 1510 	ld	a, #0x20
    0000051A B9               [ 4] 1511 	cp	a, c
    0000051B 3E 00            [ 8] 1512 	ld	a, #0x00
    0000051D 98               [ 4] 1513 	sbc	a, b
    0000051E CB 7B            [ 8] 1514 	bit	7, e
    00000520 28 07            [12] 1515 	jr	Z, 00253$
    00000522 CB 7A            [ 8] 1516 	bit	7, d
    00000524 20 08            [12] 1517 	jr	NZ, 00254$
    00000526 BF               [ 4] 1518 	cp	a, a
    00000527 18 05            [12] 1519 	jr	00254$
    00000529                       1520 00253$:
    00000529 CB 7A            [ 8] 1521 	bit	7, d
    0000052B 28 01            [12] 1522 	jr	Z, 00254$
    0000052D 37               [ 4] 1523 	scf
    0000052E                       1524 00254$:
    0000052E 38 23            [12] 1525 	jr	C, 00125$
    00000530 F8 06            [12] 1526 	ldhl	sp,	#6
    00000532 2A               [ 8] 1527 	ld	a, (hl+)
    00000533 5F               [ 4] 1528 	ld	e, a
    00000534 56               [ 8] 1529 	ld	d, (hl)
    00000535 CDr00r00         [24] 1530 	call	_abs
    00000538 58               [ 4] 1531 	ld	e, b
    00000539 16 00            [ 8] 1532 	ld	d, #0x00
    0000053B 3E 20            [ 8] 1533 	ld	a, #0x20
    0000053D B9               [ 4] 1534 	cp	a, c
    0000053E 3E 00            [ 8] 1535 	ld	a, #0x00
    00000540 98               [ 4] 1536 	sbc	a, b
    00000541 CB 7B            [ 8] 1537 	bit	7, e
    00000543 28 07            [12] 1538 	jr	Z, 00255$
    00000545 CB 7A            [ 8] 1539 	bit	7, d
    00000547 20 08            [12] 1540 	jr	NZ, 00256$
    00000549 BF               [ 4] 1541 	cp	a, a
    0000054A 18 05            [12] 1542 	jr	00256$
    0000054C                       1543 00255$:
    0000054C CB 7A            [ 8] 1544 	bit	7, d
    0000054E 28 01            [12] 1545 	jr	Z, 00256$
    00000550 37               [ 4] 1546 	scf
    00000551                       1547 00256$:
    00000551 30 03            [12] 1548 	jr	NC, 00126$
    00000553                       1549 00125$:
                         00000553  1550 	C$main.c$264$3_1$259	= .
                                   1551 	.globl	C$main.c$264$3_1$259
                                   1552 ;..\main.c:264: return false;
    00000553 AF               [ 4] 1553 	xor	a, a
    00000554 18 02            [12] 1554 	jr	00131$
    00000556                       1555 00126$:
                         00000556  1556 	C$main.c$267$1_1$243	= .
                                   1557 	.globl	C$main.c$267$1_1$243
                                   1558 ;..\main.c:267: return true;
    00000556 3E 01            [ 8] 1559 	ld	a, #0x01
    00000558                       1560 00131$:
                         00000558  1561 	C$main.c$268$1_1$239	= .
                                   1562 	.globl	C$main.c$268$1_1$239
                                   1563 ;..\main.c:268: }
    00000558 E8 0A            [16] 1564 	add	sp, #10
    0000055A E1               [12] 1565 	pop	hl
    0000055B E8 03            [16] 1566 	add	sp, #3
    0000055D E9               [ 4] 1567 	jp	(hl)
                         0000055E  1568 	G$checkCollision$0$0	= .
                                   1569 	.globl	G$checkCollision$0$0
                         0000055E  1570 	C$main.c$270$1_1$261	= .
                                   1571 	.globl	C$main.c$270$1_1$261
                                   1572 ;..\main.c:270: bool checkCollision(UINT8 cursorx, UINT8 cursory, int currentPlayer) {
                                   1573 ;	---------------------------------
                                   1574 ; Function checkCollision
                                   1575 ; ---------------------------------
    0000055E                       1576 _checkCollision::
    0000055E E8 F8            [16] 1577 	add	sp, #-8
    00000560 F8 07            [12] 1578 	ldhl	sp,	#7
    00000562 32               [ 8] 1579 	ld	(hl-), a
    00000563 73               [ 8] 1580 	ld	(hl), e
                         00000564  1581 	C$main.c$274$2_0$262	= .
                                   1582 	.globl	C$main.c$274$2_0$262
                                   1583 ;..\main.c:274: if (currentPlayer == BLACK_PLAYER) {
    00000564 F8 0B            [12] 1584 	ldhl	sp,	#11
    00000566 3A               [ 8] 1585 	ld	a, (hl-)
    00000567 B6               [ 8] 1586 	or	a, (hl)
    00000568 20 09            [12] 1587 	jr	NZ, 00102$
                         0000056A  1588 	C$main.c$275$3_0$263	= .
                                   1589 	.globl	C$main.c$275$3_0$263
                                   1590 ;..\main.c:275: pieces = blackPieces;
    0000056A F8 00            [12] 1591 	ldhl	sp,	#0
    0000056C 36r73            [12] 1592 	ld	(hl), #<(_blackPieces)
    0000056E 23               [ 8] 1593 	inc	hl
    0000056F 36s02            [12] 1594 	ld	(hl), #>(_blackPieces)
                         00000571  1595 	C$main.c$276$2_0$262	= .
                                   1596 	.globl	C$main.c$276$2_0$262
                                   1597 ;..\main.c:276: numPieces = 12;
    00000571 18 07            [12] 1598 	jr	00103$
    00000573                       1599 00102$:
                         00000573  1600 	C$main.c$278$3_0$264	= .
                                   1601 	.globl	C$main.c$278$3_0$264
                                   1602 ;..\main.c:278: pieces = whitePieces;
    00000573 F8 00            [12] 1603 	ldhl	sp,	#0
    00000575 3Er97            [ 8] 1604 	ld	a, #<(_whitePieces)
    00000577 22               [ 8] 1605 	ld	(hl+), a
    00000578 36s02            [12] 1606 	ld	(hl), #>(_whitePieces)
                         0000057A  1607 	C$main.c$279$2_0$262	= .
                                   1608 	.globl	C$main.c$279$2_0$262
                                   1609 ;..\main.c:279: numPieces = 12;
    0000057A                       1610 00103$:
                         0000057A  1611 	C$main.c$282$3_0$265	= .
                                   1612 	.globl	C$main.c$282$3_0$265
                                   1613 ;..\main.c:282: for (int i = 0; i < numPieces; i++) {
    0000057A AF               [ 4] 1614 	xor	a, a
    0000057B F8 02            [12] 1615 	ldhl	sp,	#2
    0000057D 22               [ 8] 1616 	ld	(hl+), a
    0000057E 77               [ 8] 1617 	ld	(hl), a
    0000057F 01 00 00         [12] 1618 	ld	bc, #0x0000
    00000582                       1619 00112$:
    00000582 79               [ 4] 1620 	ld	a, c
    00000583 D6 0C            [ 8] 1621 	sub	a, #0x0c
    00000585 30 6E            [12] 1622 	jr	NC, 00110$
                         00000587  1623 	C$main.c$283$3_0$266	= .
                                   1624 	.globl	C$main.c$283$3_0$266
                                   1625 ;..\main.c:283: UINT8 pieceX = pieces[i].x;
    00000587 69               [ 4] 1626 	ld	l, c
    00000588 60               [ 4] 1627 	ld	h, b
    00000589 29               [ 8] 1628 	add	hl, hl
    0000058A 09               [ 8] 1629 	add	hl, bc
    0000058B E5               [16] 1630 	push	hl
    0000058C 7D               [ 4] 1631 	ld	a, l
    0000058D F8 06            [12] 1632 	ldhl	sp,	#6
    0000058F 77               [ 8] 1633 	ld	(hl), a
    00000590 E1               [12] 1634 	pop	hl
    00000591 7C               [ 4] 1635 	ld	a, h
    00000592 F8 05            [12] 1636 	ldhl	sp,	#5
    00000594 32               [ 8] 1637 	ld	(hl-), a
    00000595 2A               [ 8] 1638 	ld	a, (hl+)
    00000596 5F               [ 4] 1639 	ld	e, a
    00000597 56               [ 8] 1640 	ld	d, (hl)
    00000598 E1               [12] 1641 	pop	hl
    00000599 E5               [16] 1642 	push	hl
    0000059A 19               [ 8] 1643 	add	hl, de
    0000059B 5D               [ 4] 1644 	ld	e, l
    0000059C 54               [ 4] 1645 	ld	d, h
    0000059D 1A               [ 8] 1646 	ld	a, (de)
                         0000059E  1647 	C$main.c$284$3_0$266	= .
                                   1648 	.globl	C$main.c$284$3_0$266
                                   1649 ;..\main.c:284: UINT8 pieceY = pieces[i].y;
    0000059E 6B               [ 4] 1650 	ld	l, e
    0000059F 62               [ 4] 1651 	ld	h, d
    000005A0 23               [ 8] 1652 	inc	hl
    000005A1 5E               [ 8] 1653 	ld	e, (hl)
                         000005A2  1654 	C$main.c$286$4_0$267	= .
                                   1655 	.globl	C$main.c$286$4_0$267
                                   1656 ;..\main.c:286: if (cursorx == (pieceX) &&
    000005A2 F8 07            [12] 1657 	ldhl	sp,	#7
    000005A4 96               [ 8] 1658 	sub	a, (hl)
    000005A5 20 46            [12] 1659 	jr	NZ, 00113$
                         000005A7  1660 	C$main.c$287$4_0$267	= .
                                   1661 	.globl	C$main.c$287$4_0$267
                                   1662 ;..\main.c:287: cursory == (pieceY)) {
    000005A7 F8 06            [12] 1663 	ldhl	sp,	#6
    000005A9 7E               [ 8] 1664 	ld	a, (hl)
    000005AA 93               [ 4] 1665 	sub	a, e
    000005AB 20 40            [12] 1666 	jr	NZ, 00113$
                         000005AD  1667 	C$main.c$288$6_0$269	= .
                                   1668 	.globl	C$main.c$288$6_0$269
                                   1669 ;..\main.c:288: if (currentPlayer == BLACK_PLAYER) {
    000005AD F8 0B            [12] 1670 	ldhl	sp,	#11
    000005AF 3A               [ 8] 1671 	ld	a, (hl-)
    000005B0 B6               [ 8] 1672 	or	a, (hl)
    000005B1 20 1C            [12] 1673 	jr	NZ, 00105$
                         000005B3  1674 	C$main.c$289$7_0$270	= .
                                   1675 	.globl	C$main.c$289$7_0$270
                                   1676 ;..\main.c:289: selectedCoords = i;
    000005B3 F8 02            [12] 1677 	ldhl	sp,	#2
    000005B5 7E               [ 8] 1678 	ld	a, (hl)
    000005B6 21r08r00         [12] 1679 	ld	hl, #_selectedCoords
    000005B9 22               [ 8] 1680 	ld	(hl+), a
    000005BA AF               [ 4] 1681 	xor	a, a
    000005BB 77               [ 8] 1682 	ld	(hl), a
                         000005BC  1683 	C$main.c$290$7_0$270	= .
                                   1684 	.globl	C$main.c$290$7_0$270
                                   1685 ;..\main.c:290: selectedPieceIndex = i + 4;
    000005BC F8 02            [12] 1686 	ldhl	sp,#2
    000005BE 2A               [ 8] 1687 	ld	a, (hl+)
    000005BF 5F               [ 4] 1688 	ld	e, a
    000005C0 56               [ 8] 1689 	ld	d, (hl)
    000005C1 21 04 00         [12] 1690 	ld	hl, #0x0004
    000005C4 19               [ 8] 1691 	add	hl, de
    000005C5 5D               [ 4] 1692 	ld	e, l
    000005C6 54               [ 4] 1693 	ld	d, h
    000005C7 21r03r00         [12] 1694 	ld	hl, #_selectedPieceIndex
    000005CA 7B               [ 4] 1695 	ld	a, e
    000005CB 22               [ 8] 1696 	ld	(hl+), a
    000005CC 72               [ 8] 1697 	ld	(hl), d
    000005CD 18 1A            [12] 1698 	jr	00106$
    000005CF                       1699 00105$:
                         000005CF  1700 	C$main.c$292$7_0$271	= .
                                   1701 	.globl	C$main.c$292$7_0$271
                                   1702 ;..\main.c:292: selectedCoords = i;
    000005CF F8 02            [12] 1703 	ldhl	sp,	#2
    000005D1 7E               [ 8] 1704 	ld	a, (hl)
    000005D2 21r08r00         [12] 1705 	ld	hl, #_selectedCoords
    000005D5 22               [ 8] 1706 	ld	(hl+), a
    000005D6 AF               [ 4] 1707 	xor	a, a
    000005D7 77               [ 8] 1708 	ld	(hl), a
                         000005D8  1709 	C$main.c$293$7_0$271	= .
                                   1710 	.globl	C$main.c$293$7_0$271
                                   1711 ;..\main.c:293: selectedPieceIndex = i + 16;
    000005D8 F8 02            [12] 1712 	ldhl	sp,#2
    000005DA 2A               [ 8] 1713 	ld	a, (hl+)
    000005DB 5F               [ 4] 1714 	ld	e, a
    000005DC 56               [ 8] 1715 	ld	d, (hl)
    000005DD 21 10 00         [12] 1716 	ld	hl, #0x0010
    000005E0 19               [ 8] 1717 	add	hl, de
    000005E1 5D               [ 4] 1718 	ld	e, l
    000005E2 54               [ 4] 1719 	ld	d, h
    000005E3 21r03r00         [12] 1720 	ld	hl, #_selectedPieceIndex
    000005E6 7B               [ 4] 1721 	ld	a, e
    000005E7 22               [ 8] 1722 	ld	(hl+), a
    000005E8 72               [ 8] 1723 	ld	(hl), d
    000005E9                       1724 00106$:
                         000005E9  1725 	C$main.c$295$5_0$268	= .
                                   1726 	.globl	C$main.c$295$5_0$268
                                   1727 ;..\main.c:295: return true;
    000005E9 3E 01            [ 8] 1728 	ld	a, #0x01
    000005EB 18 11            [12] 1729 	jr	00114$
    000005ED                       1730 00113$:
                         000005ED  1731 	C$main.c$282$2_0$265	= .
                                   1732 	.globl	C$main.c$282$2_0$265
                                   1733 ;..\main.c:282: for (int i = 0; i < numPieces; i++) {
    000005ED 03               [ 8] 1734 	inc	bc
    000005EE F8 02            [12] 1735 	ldhl	sp,	#2
    000005F0 79               [ 4] 1736 	ld	a, c
    000005F1 22               [ 8] 1737 	ld	(hl+), a
    000005F2 70               [ 8] 1738 	ld	(hl), b
    000005F3 18 8D            [12] 1739 	jr	00112$
    000005F5                       1740 00110$:
                         000005F5  1741 	C$main.c$299$1_0$261	= .
                                   1742 	.globl	C$main.c$299$1_0$261
                                   1743 ;..\main.c:299: selectedPieceIndex = -1;
    000005F5 21r03r00         [12] 1744 	ld	hl, #_selectedPieceIndex
    000005F8 3E FF            [ 8] 1745 	ld	a, #0xff
    000005FA 22               [ 8] 1746 	ld	(hl+), a
    000005FB 36 FF            [12] 1747 	ld	(hl), #0xff
                         000005FD  1748 	C$main.c$300$1_0$261	= .
                                   1749 	.globl	C$main.c$300$1_0$261
                                   1750 ;..\main.c:300: return false;
    000005FD AF               [ 4] 1751 	xor	a, a
    000005FE                       1752 00114$:
                         000005FE  1753 	C$main.c$301$1_0$261	= .
                                   1754 	.globl	C$main.c$301$1_0$261
                                   1755 ;..\main.c:301: }
    000005FE E8 08            [16] 1756 	add	sp, #8
    00000600 E1               [12] 1757 	pop	hl
    00000601 C1               [12] 1758 	pop	bc
    00000602 E9               [ 4] 1759 	jp	(hl)
                         00000603  1760 	G$hasValidCaptureMoves$0$0	= .
                                   1761 	.globl	G$hasValidCaptureMoves$0$0
                         00000603  1762 	C$main.c$302$1_0$273	= .
                                   1763 	.globl	C$main.c$302$1_0$273
                                   1764 ;..\main.c:302: bool hasValidCaptureMoves(UINT8 currentPlayer) {
                                   1765 ;	---------------------------------
                                   1766 ; Function hasValidCaptureMoves
                                   1767 ; ---------------------------------
    00000603                       1768 _hasValidCaptureMoves::
    00000603 E8 EC            [16] 1769 	add	sp, #-20
    00000605 F8 11            [12] 1770 	ldhl	sp,	#17
                         00000607  1771 	C$main.c$303$1_0$273	= .
                                   1772 	.globl	C$main.c$303$1_0$273
                                   1773 ;..\main.c:303: Piece* pieces = (currentPlayer == BLACK_PLAYER) ? blackPieces : whitePieces;
    00000607 77               [ 8] 1774 	ld	(hl), a
    00000608 B7               [ 4] 1775 	or	a, a
    00000609 20 05            [12] 1776 	jr	NZ, 00116$
    0000060B 01r73r02         [12] 1777 	ld	bc, #_blackPieces+0
    0000060E 18 03            [12] 1778 	jr	00117$
    00000610                       1779 00116$:
    00000610 01r97r02         [12] 1780 	ld	bc, #_whitePieces+0
    00000613                       1781 00117$:
    00000613 33               [ 8] 1782 	inc	sp
    00000614 33               [ 8] 1783 	inc	sp
    00000615 C5               [16] 1784 	push	bc
                         00000616  1785 	C$main.c$304$1_0$273	= .
                                   1786 	.globl	C$main.c$304$1_0$273
                                   1787 ;..\main.c:304: Piece* opponentPieces = (currentPlayer == BLACK_PLAYER) ? whitePieces : blackPieces;
    00000616 F8 11            [12] 1788 	ldhl	sp,	#17
    00000618 7E               [ 8] 1789 	ld	a, (hl)
    00000619 B7               [ 4] 1790 	or	a, a
    0000061A 20 05            [12] 1791 	jr	NZ, 00118$
    0000061C 01r97r02         [12] 1792 	ld	bc, #_whitePieces+0
    0000061F 18 03            [12] 1793 	jr	00119$
    00000621                       1794 00118$:
    00000621 01r73r02         [12] 1795 	ld	bc, #_blackPieces+0
    00000624                       1796 00119$:
    00000624 F8 02            [12] 1797 	ldhl	sp,	#2
    00000626 79               [ 4] 1798 	ld	a, c
    00000627 22               [ 8] 1799 	ld	(hl+), a
    00000628 70               [ 8] 1800 	ld	(hl), b
                         00000629  1801 	C$main.c$307$1_0$273	= .
                                   1802 	.globl	C$main.c$307$1_0$273
                                   1803 ;..\main.c:307: for (int i = 0; i < numPieces; i++) {
    00000629 AF               [ 4] 1804 	xor	a, a
    0000062A F8 12            [12] 1805 	ldhl	sp,	#18
    0000062C 22               [ 8] 1806 	ld	(hl+), a
    0000062D 77               [ 8] 1807 	ld	(hl), a
    0000062E                       1808 00112$:
    0000062E F8 12            [12] 1809 	ldhl	sp,	#18
    00000630 2A               [ 8] 1810 	ld	a, (hl+)
    00000631 D6 0C            [ 8] 1811 	sub	a, #0x0c
    00000633 7E               [ 8] 1812 	ld	a, (hl)
    00000634 DE 00            [ 8] 1813 	sbc	a, #0x00
    00000636 D2r76r08         [16] 1814 	jp	NC, 00110$
                         00000639  1815 	C$main.c$308$1_0$273	= .
                                   1816 	.globl	C$main.c$308$1_0$273
                                   1817 ;..\main.c:308: if (isValidMove(pieces[i].x - 2 * SQUARE_SIZE, pieces[i].y + 2 * SQUARE_SIZE, currentPlayer, i) && (getCaptureIndex((((pieces[i].x - 2 * SQUARE_SIZE) + (pieces[i].x)) / 2), (((pieces[i].y + 2 * SQUARE_SIZE) + (pieces[i].y)) / 2), opponentPieces, numOpponentPieces) != -1) ||
    00000639 2B               [ 8] 1818 	dec	hl
    0000063A 2A               [ 8] 1819 	ld	a, (hl+)
    0000063B 4F               [ 4] 1820 	ld	c, a
    0000063C 46               [ 8] 1821 	ld	b, (hl)
    0000063D 69               [ 4] 1822 	ld	l, c
    0000063E 60               [ 4] 1823 	ld	h, b
    0000063F 29               [ 8] 1824 	add	hl, hl
    00000640 09               [ 8] 1825 	add	hl, bc
    00000641 E5               [16] 1826 	push	hl
    00000642 7D               [ 4] 1827 	ld	a, l
    00000643 F8 11            [12] 1828 	ldhl	sp,	#17
    00000645 77               [ 8] 1829 	ld	(hl), a
    00000646 E1               [12] 1830 	pop	hl
    00000647 7C               [ 4] 1831 	ld	a, h
    00000648 F8 10            [12] 1832 	ldhl	sp,	#16
    0000064A 32               [ 8] 1833 	ld	(hl-), a
    0000064B 2A               [ 8] 1834 	ld	a, (hl+)
    0000064C 5F               [ 4] 1835 	ld	e, a
    0000064D 56               [ 8] 1836 	ld	d, (hl)
    0000064E E1               [12] 1837 	pop	hl
    0000064F E5               [16] 1838 	push	hl
    00000650 19               [ 8] 1839 	add	hl, de
    00000651 4D               [ 4] 1840 	ld	c,l
    00000652 44               [ 4] 1841 	ld	b,h
    00000653 23               [ 8] 1842 	inc	hl
    00000654 E5               [16] 1843 	push	hl
    00000655 7D               [ 4] 1844 	ld	a, l
    00000656 F8 06            [12] 1845 	ldhl	sp,	#6
    00000658 77               [ 8] 1846 	ld	(hl), a
    00000659 E1               [12] 1847 	pop	hl
    0000065A 7C               [ 4] 1848 	ld	a, h
    0000065B F8 05            [12] 1849 	ldhl	sp,	#5
    0000065D 32               [ 8] 1850 	ld	(hl-), a
    0000065E 2A               [ 8] 1851 	ld	a, (hl+)
    0000065F 5F               [ 4] 1852 	ld	e, a
    00000660 56               [ 8] 1853 	ld	d, (hl)
    00000661 1A               [ 8] 1854 	ld	a, (de)
    00000662 C6 20            [ 8] 1855 	add	a, #0x20
    00000664 F8 0E            [12] 1856 	ldhl	sp,	#14
    00000666 77               [ 8] 1857 	ld	(hl), a
    00000667 F8 06            [12] 1858 	ldhl	sp,	#6
    00000669 79               [ 4] 1859 	ld	a, c
    0000066A 22               [ 8] 1860 	ld	(hl+), a
    0000066B 78               [ 4] 1861 	ld	a, b
    0000066C 32               [ 8] 1862 	ld	(hl-), a
    0000066D 2A               [ 8] 1863 	ld	a, (hl+)
    0000066E 5F               [ 4] 1864 	ld	e, a
    0000066F 56               [ 8] 1865 	ld	d, (hl)
    00000670 1A               [ 8] 1866 	ld	a, (de)
    00000671 C6 E0            [ 8] 1867 	add	a, #0xe0
    00000673 F8 12            [12] 1868 	ldhl	sp,	#18
    00000675 5E               [ 8] 1869 	ld	e, (hl)
    00000676 2B               [ 8] 1870 	dec	hl
    00000677 16 00            [ 8] 1871 	ld	d, #0x00
    00000679 D5               [16] 1872 	push	de
    0000067A 66               [ 8] 1873 	ld	h, (hl)
    0000067B E5               [16] 1874 	push	hl
    0000067C 33               [ 8] 1875 	inc	sp
    0000067D F8 11            [12] 1876 	ldhl	sp,	#17
    0000067F 5E               [ 8] 1877 	ld	e, (hl)
    00000680 CDrBAr03         [24] 1878 	call	_isValidMove
    00000683 4F               [ 4] 1879 	ld	c, a
    00000684 F8 0F            [12] 1880 	ldhl	sp,#15
    00000686 2A               [ 8] 1881 	ld	a, (hl+)
    00000687 5F               [ 4] 1882 	ld	e, a
    00000688 56               [ 8] 1883 	ld	d, (hl)
    00000689 E1               [12] 1884 	pop	hl
    0000068A E5               [16] 1885 	push	hl
    0000068B 19               [ 8] 1886 	add	hl, de
    0000068C E5               [16] 1887 	push	hl
    0000068D 7D               [ 4] 1888 	ld	a, l
    0000068E F8 0A            [12] 1889 	ldhl	sp,	#10
    00000690 77               [ 8] 1890 	ld	(hl), a
    00000691 E1               [12] 1891 	pop	hl
    00000692 7C               [ 4] 1892 	ld	a, h
    00000693 F8 09            [12] 1893 	ldhl	sp,	#9
    00000695 77               [ 8] 1894 	ld	(hl), a
    00000696 CB 41            [ 8] 1895 	bit	0, c
    00000698 28 4D            [12] 1896 	jr	Z, 00105$
    0000069A F8 04            [12] 1897 	ldhl	sp,#4
    0000069C 2A               [ 8] 1898 	ld	a, (hl+)
    0000069D 5F               [ 4] 1899 	ld	e, a
    0000069E 56               [ 8] 1900 	ld	d, (hl)
    0000069F 1A               [ 8] 1901 	ld	a, (de)
    000006A0 4F               [ 4] 1902 	ld	c, a
    000006A1 06 00            [ 8] 1903 	ld	b, #0x00
    000006A3 21 20 00         [12] 1904 	ld	hl, #0x0020
    000006A6 09               [ 8] 1905 	add	hl, bc
    000006A7 09               [ 8] 1906 	add	hl, bc
    000006A8 4D               [ 4] 1907 	ld	c, l
    000006A9 44               [ 4] 1908 	ld	b, h
    000006AA CB 28            [ 8] 1909 	sra	b
    000006AC CB 19            [ 8] 1910 	rr	c
    000006AE F8 10            [12] 1911 	ldhl	sp,	#16
    000006B0 71               [ 8] 1912 	ld	(hl), c
    000006B1 F8 08            [12] 1913 	ldhl	sp,	#8
    000006B3 2A               [ 8] 1914 	ld	a, (hl+)
    000006B4 4F               [ 4] 1915 	ld	c, a
    000006B5 46               [ 8] 1916 	ld	b, (hl)
    000006B6 0A               [ 8] 1917 	ld	a, (bc)
    000006B7 4F               [ 4] 1918 	ld	c, a
    000006B8 06 00            [ 8] 1919 	ld	b, #0x00
    000006BA 79               [ 4] 1920 	ld	a, c
    000006BB C6 E0            [ 8] 1921 	add	a, #0xe0
    000006BD 6F               [ 4] 1922 	ld	l, a
    000006BE 78               [ 4] 1923 	ld	a, b
    000006BF CE FF            [ 8] 1924 	adc	a, #0xff
    000006C1 67               [ 4] 1925 	ld	h, a
    000006C2 09               [ 8] 1926 	add	hl, bc
    000006C3 4D               [ 4] 1927 	ld	c,l
    000006C4 44               [ 4] 1928 	ld	b,h
    000006C5 CB 78            [ 8] 1929 	bit	7, b
    000006C7 28 03            [12] 1930 	jr	Z, 00121$
    000006C9 69               [ 4] 1931 	ld	l, c
    000006CA 60               [ 4] 1932 	ld	h, b
    000006CB 23               [ 8] 1933 	inc	hl
    000006CC                       1934 00121$:
    000006CC CB 2C            [ 8] 1935 	sra	h
    000006CE CB 1D            [ 8] 1936 	rr	l
    000006D0 7D               [ 4] 1937 	ld	a, l
    000006D1 11 0C 00         [12] 1938 	ld	de, #0x000c
    000006D4 D5               [16] 1939 	push	de
    000006D5 F8 04            [12] 1940 	ldhl	sp,	#4
    000006D7 5E               [ 8] 1941 	ld	e, (hl)
    000006D8 23               [ 8] 1942 	inc	hl
    000006D9 56               [ 8] 1943 	ld	d, (hl)
    000006DA D5               [16] 1944 	push	de
    000006DB F8 14            [12] 1945 	ldhl	sp,	#20
    000006DD 5E               [ 8] 1946 	ld	e, (hl)
    000006DE CDr54r03         [24] 1947 	call	_getCaptureIndex
    000006E1 79               [ 4] 1948 	ld	a, c
    000006E2 A0               [ 4] 1949 	and	a, b
    000006E3 3C               [ 4] 1950 	inc	a
    000006E4 C2r6Cr08         [16] 1951 	jp	NZ, 00101$
    000006E7                       1952 00105$:
                         000006E7  1953 	C$main.c$309$4_0$276	= .
                                   1954 	.globl	C$main.c$309$4_0$276
                                   1955 ;..\main.c:309: isValidMove(pieces[i].x + 2 * SQUARE_SIZE, pieces[i].y + 2 * SQUARE_SIZE, currentPlayer, i) && (getCaptureIndex((((pieces[i].x + 2 * SQUARE_SIZE) + (pieces[i].x)) / 2), (((pieces[i].y + 2 * SQUARE_SIZE) + (pieces[i].y)) / 2), opponentPieces, numOpponentPieces) != -1) ||
    000006E7 F8 04            [12] 1956 	ldhl	sp,#4
    000006E9 2A               [ 8] 1957 	ld	a, (hl+)
    000006EA 5F               [ 4] 1958 	ld	e, a
    000006EB 2A               [ 8] 1959 	ld	a, (hl+)
    000006EC 57               [ 4] 1960 	ld	d, a
    000006ED 1A               [ 8] 1961 	ld	a, (de)
    000006EE C6 20            [ 8] 1962 	add	a, #0x20
    000006F0 4F               [ 4] 1963 	ld	c, a
    000006F1 2A               [ 8] 1964 	ld	a, (hl+)
    000006F2 5F               [ 4] 1965 	ld	e, a
    000006F3 56               [ 8] 1966 	ld	d, (hl)
    000006F4 1A               [ 8] 1967 	ld	a, (de)
    000006F5 C6 20            [ 8] 1968 	add	a, #0x20
    000006F7 F8 12            [12] 1969 	ldhl	sp,	#18
    000006F9 5E               [ 8] 1970 	ld	e, (hl)
    000006FA 2B               [ 8] 1971 	dec	hl
    000006FB 16 00            [ 8] 1972 	ld	d, #0x00
    000006FD D5               [16] 1973 	push	de
    000006FE 66               [ 8] 1974 	ld	h, (hl)
    000006FF E5               [16] 1975 	push	hl
    00000700 33               [ 8] 1976 	inc	sp
    00000701 59               [ 4] 1977 	ld	e, c
    00000702 CDrBAr03         [24] 1978 	call	_isValidMove
    00000705 CB 47            [ 8] 1979 	bit	0,a
    00000707 28 39            [12] 1980 	jr	Z, 00107$
    00000709 F8 04            [12] 1981 	ldhl	sp,#4
    0000070B 2A               [ 8] 1982 	ld	a, (hl+)
    0000070C 5F               [ 4] 1983 	ld	e, a
    0000070D 56               [ 8] 1984 	ld	d, (hl)
    0000070E 1A               [ 8] 1985 	ld	a, (de)
    0000070F 4F               [ 4] 1986 	ld	c, a
    00000710 06 00            [ 8] 1987 	ld	b, #0x00
    00000712 21 20 00         [12] 1988 	ld	hl, #0x0020
    00000715 09               [ 8] 1989 	add	hl, bc
    00000716 09               [ 8] 1990 	add	hl, bc
    00000717 5D               [ 4] 1991 	ld	e, l
    00000718 CB 2C            [ 8] 1992 	sra	h
    0000071A CB 1B            [ 8] 1993 	rr	e
    0000071C F8 08            [12] 1994 	ldhl	sp,	#8
    0000071E 2A               [ 8] 1995 	ld	a, (hl+)
    0000071F 4F               [ 4] 1996 	ld	c, a
    00000720 46               [ 8] 1997 	ld	b, (hl)
    00000721 0A               [ 8] 1998 	ld	a, (bc)
    00000722 4F               [ 4] 1999 	ld	c, a
    00000723 06 00            [ 8] 2000 	ld	b, #0x00
    00000725 21 20 00         [12] 2001 	ld	hl, #0x0020
    00000728 09               [ 8] 2002 	add	hl, bc
    00000729 09               [ 8] 2003 	add	hl, bc
    0000072A CB 2C            [ 8] 2004 	sra	h
    0000072C CB 1D            [ 8] 2005 	rr	l
    0000072E 7D               [ 4] 2006 	ld	a, l
    0000072F 01 0C 00         [12] 2007 	ld	bc, #0x000c
    00000732 C5               [16] 2008 	push	bc
    00000733 F8 04            [12] 2009 	ldhl	sp,	#4
    00000735 4E               [ 8] 2010 	ld	c, (hl)
    00000736 23               [ 8] 2011 	inc	hl
    00000737 46               [ 8] 2012 	ld	b, (hl)
    00000738 C5               [16] 2013 	push	bc
    00000739 CDr54r03         [24] 2014 	call	_getCaptureIndex
    0000073C 79               [ 4] 2015 	ld	a, c
    0000073D A0               [ 4] 2016 	and	a, b
    0000073E 3C               [ 4] 2017 	inc	a
    0000073F C2r6Cr08         [16] 2018 	jp	NZ, 00101$
    00000742                       2019 00107$:
                         00000742  2020 	C$main.c$310$4_0$276	= .
                                   2021 	.globl	C$main.c$310$4_0$276
                                   2022 ;..\main.c:310: isValidMove(pieces[i].x - 2 * SQUARE_SIZE, pieces[i].y - 2 * SQUARE_SIZE, currentPlayer, i) && (getCaptureIndex((((pieces[i].x - 2 * SQUARE_SIZE) + (pieces[i].x)) / 2), (((pieces[i].y - 2 * SQUARE_SIZE) + (pieces[i].y)) / 2), opponentPieces, numOpponentPieces) != -1) ||
    00000742 F8 04            [12] 2023 	ldhl	sp,#4
    00000744 2A               [ 8] 2024 	ld	a, (hl+)
    00000745 5F               [ 4] 2025 	ld	e, a
    00000746 2A               [ 8] 2026 	ld	a, (hl+)
    00000747 57               [ 4] 2027 	ld	d, a
    00000748 1A               [ 8] 2028 	ld	a, (de)
    00000749 C6 E0            [ 8] 2029 	add	a, #0xe0
    0000074B 4F               [ 4] 2030 	ld	c, a
    0000074C 2A               [ 8] 2031 	ld	a, (hl+)
    0000074D 5F               [ 4] 2032 	ld	e, a
    0000074E 56               [ 8] 2033 	ld	d, (hl)
    0000074F 1A               [ 8] 2034 	ld	a, (de)
    00000750 C6 E0            [ 8] 2035 	add	a, #0xe0
    00000752 F8 12            [12] 2036 	ldhl	sp,	#18
    00000754 5E               [ 8] 2037 	ld	e, (hl)
    00000755 2B               [ 8] 2038 	dec	hl
    00000756 16 00            [ 8] 2039 	ld	d, #0x00
    00000758 D5               [16] 2040 	push	de
    00000759 66               [ 8] 2041 	ld	h, (hl)
    0000075A E5               [16] 2042 	push	hl
    0000075B 33               [ 8] 2043 	inc	sp
    0000075C 59               [ 4] 2044 	ld	e, c
    0000075D CDrBAr03         [24] 2045 	call	_isValidMove
    00000760 CB 47            [ 8] 2046 	bit	0,a
    00000762 CArE2r07         [16] 2047 	jp	Z, 00109$
    00000765 F8 04            [12] 2048 	ldhl	sp,#4
    00000767 2A               [ 8] 2049 	ld	a, (hl+)
    00000768 5F               [ 4] 2050 	ld	e, a
    00000769 56               [ 8] 2051 	ld	d, (hl)
    0000076A 1A               [ 8] 2052 	ld	a, (de)
    0000076B 4F               [ 4] 2053 	ld	c, a
    0000076C 06 00            [ 8] 2054 	ld	b, #0x00
    0000076E 79               [ 4] 2055 	ld	a, c
    0000076F C6 E0            [ 8] 2056 	add	a, #0xe0
    00000771 6F               [ 4] 2057 	ld	l, a
    00000772 78               [ 4] 2058 	ld	a, b
    00000773 CE FF            [ 8] 2059 	adc	a, #0xff
    00000775 67               [ 4] 2060 	ld	h, a
    00000776 09               [ 8] 2061 	add	hl, bc
    00000777 4D               [ 4] 2062 	ld	c,l
    00000778 44               [ 4] 2063 	ld	b,h
    00000779 CB 78            [ 8] 2064 	bit	7, b
    0000077B 28 03            [12] 2065 	jr	Z, 00124$
    0000077D 69               [ 4] 2066 	ld	l, c
    0000077E 60               [ 4] 2067 	ld	h, b
    0000077F 23               [ 8] 2068 	inc	hl
    00000780                       2069 00124$:
    00000780 4D               [ 4] 2070 	ld	c, l
    00000781 44               [ 4] 2071 	ld	b, h
    00000782 CB 28            [ 8] 2072 	sra	b
    00000784 CB 19            [ 8] 2073 	rr	c
    00000786 F8 0A            [12] 2074 	ldhl	sp,	#10
    00000788 79               [ 4] 2075 	ld	a, c
    00000789 32               [ 8] 2076 	ld	(hl-), a
    0000078A 2B               [ 8] 2077 	dec	hl
    0000078B 2A               [ 8] 2078 	ld	a, (hl+)
    0000078C 4F               [ 4] 2079 	ld	c, a
    0000078D 46               [ 8] 2080 	ld	b, (hl)
    0000078E 0A               [ 8] 2081 	ld	a, (bc)
    0000078F F8 10            [12] 2082 	ldhl	sp,	#16
    00000791 77               [ 8] 2083 	ld	(hl), a
    00000792 F8 0B            [12] 2084 	ldhl	sp,	#11
    00000794 22               [ 8] 2085 	ld	(hl+), a
    00000795 AF               [ 4] 2086 	xor	a, a
    00000796 32               [ 8] 2087 	ld	(hl-), a
    00000797 2A               [ 8] 2088 	ld	a, (hl+)
    00000798 5F               [ 4] 2089 	ld	e, a
    00000799 56               [ 8] 2090 	ld	d, (hl)
    0000079A 21 20 00         [12] 2091 	ld	hl, #0x0020
    0000079D 7B               [ 4] 2092 	ld	a, e
    0000079E 95               [ 4] 2093 	sub	a, l
    0000079F 5F               [ 4] 2094 	ld	e, a
    000007A0 7A               [ 4] 2095 	ld	a, d
    000007A1 9C               [ 4] 2096 	sbc	a, h
    000007A2 F8 0E            [12] 2097 	ldhl	sp,	#14
    000007A4 32               [ 8] 2098 	ld	(hl-), a
    000007A5 7B               [ 4] 2099 	ld	a, e
    000007A6 22               [ 8] 2100 	ld	(hl+), a
    000007A7 2B               [ 8] 2101 	dec	hl
    000007A8 2A               [ 8] 2102 	ld	a, (hl+)
    000007A9 5F               [ 4] 2103 	ld	e, a
    000007AA 56               [ 8] 2104 	ld	d, (hl)
    000007AB F8 0B            [12] 2105 	ldhl	sp,	#11
    000007AD 2A               [ 8] 2106 	ld	a,	(hl+)
    000007AE 66               [ 8] 2107 	ld	h, (hl)
    000007AF 6F               [ 4] 2108 	ld	l, a
    000007B0 19               [ 8] 2109 	add	hl, de
    000007B1 E5               [16] 2110 	push	hl
    000007B2 7D               [ 4] 2111 	ld	a, l
    000007B3 F8 11            [12] 2112 	ldhl	sp,	#17
    000007B5 77               [ 8] 2113 	ld	(hl), a
    000007B6 E1               [12] 2114 	pop	hl
    000007B7 7C               [ 4] 2115 	ld	a, h
    000007B8 F8 10            [12] 2116 	ldhl	sp,	#16
    000007BA 32               [ 8] 2117 	ld	(hl-), a
    000007BB 2A               [ 8] 2118 	ld	a, (hl+)
    000007BC 4F               [ 4] 2119 	ld	c, a
    000007BD 46               [ 8] 2120 	ld	b, (hl)
    000007BE CB 7E            [12] 2121 	bit	7, (hl)
    000007C0 28 05            [12] 2122 	jr	Z, 00125$
    000007C2 2B               [ 8] 2123 	dec	hl
    000007C3 2A               [ 8] 2124 	ld	a, (hl+)
    000007C4 4F               [ 4] 2125 	ld	c, a
    000007C5 46               [ 8] 2126 	ld	b, (hl)
    000007C6 03               [ 8] 2127 	inc	bc
    000007C7                       2128 00125$:
    000007C7 CB 28            [ 8] 2129 	sra	b
    000007C9 CB 19            [ 8] 2130 	rr	c
    000007CB 79               [ 4] 2131 	ld	a, c
    000007CC 11 0C 00         [12] 2132 	ld	de, #0x000c
    000007CF D5               [16] 2133 	push	de
    000007D0 F8 04            [12] 2134 	ldhl	sp,	#4
    000007D2 5E               [ 8] 2135 	ld	e, (hl)
    000007D3 23               [ 8] 2136 	inc	hl
    000007D4 56               [ 8] 2137 	ld	d, (hl)
    000007D5 D5               [16] 2138 	push	de
    000007D6 F8 0E            [12] 2139 	ldhl	sp,	#14
    000007D8 5E               [ 8] 2140 	ld	e, (hl)
    000007D9 CDr54r03         [24] 2141 	call	_getCaptureIndex
    000007DC 79               [ 4] 2142 	ld	a, c
    000007DD A0               [ 4] 2143 	and	a, b
    000007DE 3C               [ 4] 2144 	inc	a
    000007DF C2r6Cr08         [16] 2145 	jp	NZ, 00101$
    000007E2                       2146 00109$:
                         000007E2  2147 	C$main.c$311$4_0$276	= .
                                   2148 	.globl	C$main.c$311$4_0$276
                                   2149 ;..\main.c:311: isValidMove(pieces[i].x + 2 * SQUARE_SIZE, pieces[i].y - 2 * SQUARE_SIZE, currentPlayer, i) && (getCaptureIndex((((pieces[i].x + 2 * SQUARE_SIZE) + (pieces[i].x)) / 2), (((pieces[i].y - 2 * SQUARE_SIZE) + (pieces[i].y)) / 2), opponentPieces, numOpponentPieces) != -1)) {
    000007E2 F8 04            [12] 2150 	ldhl	sp,#4
    000007E4 2A               [ 8] 2151 	ld	a, (hl+)
    000007E5 5F               [ 4] 2152 	ld	e, a
    000007E6 2A               [ 8] 2153 	ld	a, (hl+)
    000007E7 57               [ 4] 2154 	ld	d, a
    000007E8 1A               [ 8] 2155 	ld	a, (de)
    000007E9 C6 E0            [ 8] 2156 	add	a, #0xe0
    000007EB 4F               [ 4] 2157 	ld	c, a
    000007EC 2A               [ 8] 2158 	ld	a, (hl+)
    000007ED 5F               [ 4] 2159 	ld	e, a
    000007EE 56               [ 8] 2160 	ld	d, (hl)
    000007EF 1A               [ 8] 2161 	ld	a, (de)
    000007F0 C6 20            [ 8] 2162 	add	a, #0x20
    000007F2 F8 12            [12] 2163 	ldhl	sp,	#18
    000007F4 5E               [ 8] 2164 	ld	e, (hl)
    000007F5 2B               [ 8] 2165 	dec	hl
    000007F6 16 00            [ 8] 2166 	ld	d, #0x00
    000007F8 D5               [16] 2167 	push	de
    000007F9 66               [ 8] 2168 	ld	h, (hl)
    000007FA E5               [16] 2169 	push	hl
    000007FB 33               [ 8] 2170 	inc	sp
    000007FC 59               [ 4] 2171 	ld	e, c
    000007FD CDrBAr03         [24] 2172 	call	_isValidMove
    00000800 CB 47            [ 8] 2173 	bit	0,a
    00000802 28 6C            [12] 2174 	jr	Z, 00113$
    00000804 F8 04            [12] 2175 	ldhl	sp,#4
    00000806 2A               [ 8] 2176 	ld	a, (hl+)
    00000807 5F               [ 4] 2177 	ld	e, a
    00000808 56               [ 8] 2178 	ld	d, (hl)
    00000809 1A               [ 8] 2179 	ld	a, (de)
    0000080A 4F               [ 4] 2180 	ld	c, a
    0000080B 06 00            [ 8] 2181 	ld	b, #0x00
    0000080D 79               [ 4] 2182 	ld	a, c
    0000080E C6 E0            [ 8] 2183 	add	a, #0xe0
    00000810 5F               [ 4] 2184 	ld	e, a
    00000811 78               [ 4] 2185 	ld	a, b
    00000812 CE FF            [ 8] 2186 	adc	a, #0xff
    00000814 57               [ 4] 2187 	ld	d, a
    00000815 6B               [ 4] 2188 	ld	l, e
    00000816 62               [ 4] 2189 	ld	h, d
    00000817 09               [ 8] 2190 	add	hl, bc
    00000818 E5               [16] 2191 	push	hl
    00000819 7D               [ 4] 2192 	ld	a, l
    0000081A F8 0F            [12] 2193 	ldhl	sp,	#15
    0000081C 77               [ 8] 2194 	ld	(hl), a
    0000081D E1               [12] 2195 	pop	hl
    0000081E 7C               [ 4] 2196 	ld	a, h
    0000081F F8 0E            [12] 2197 	ldhl	sp,	#14
    00000821 32               [ 8] 2198 	ld	(hl-), a
    00000822 2A               [ 8] 2199 	ld	a, (hl+)
    00000823 23               [ 8] 2200 	inc	hl
    00000824 32               [ 8] 2201 	ld	(hl-), a
    00000825 2A               [ 8] 2202 	ld	a, (hl+)
    00000826 23               [ 8] 2203 	inc	hl
    00000827 32               [ 8] 2204 	ld	(hl-), a
    00000828 2B               [ 8] 2205 	dec	hl
    00000829 CB 7E            [12] 2206 	bit	7, (hl)
    0000082B 28 11            [12] 2207 	jr	Z, 00126$
    0000082D 2B               [ 8] 2208 	dec	hl
    0000082E 2A               [ 8] 2209 	ld	a, (hl+)
    0000082F 5F               [ 4] 2210 	ld	e, a
    00000830 56               [ 8] 2211 	ld	d, (hl)
    00000831 6B               [ 4] 2212 	ld	l, e
    00000832 62               [ 4] 2213 	ld	h, d
    00000833 23               [ 8] 2214 	inc	hl
    00000834 E5               [16] 2215 	push	hl
    00000835 7D               [ 4] 2216 	ld	a, l
    00000836 F8 11            [12] 2217 	ldhl	sp,	#17
    00000838 77               [ 8] 2218 	ld	(hl), a
    00000839 E1               [12] 2219 	pop	hl
    0000083A 7C               [ 4] 2220 	ld	a, h
    0000083B F8 10            [12] 2221 	ldhl	sp,	#16
    0000083D 77               [ 8] 2222 	ld	(hl), a
    0000083E                       2223 00126$:
    0000083E F8 0F            [12] 2224 	ldhl	sp,#15
    00000840 2A               [ 8] 2225 	ld	a, (hl+)
    00000841 5F               [ 4] 2226 	ld	e, a
    00000842 56               [ 8] 2227 	ld	d, (hl)
    00000843 CB 2A            [ 8] 2228 	sra	d
    00000845 CB 1B            [ 8] 2229 	rr	e
    00000847 F8 08            [12] 2230 	ldhl	sp,	#8
    00000849 2A               [ 8] 2231 	ld	a, (hl+)
    0000084A 4F               [ 4] 2232 	ld	c, a
    0000084B 46               [ 8] 2233 	ld	b, (hl)
    0000084C 0A               [ 8] 2234 	ld	a, (bc)
    0000084D 4F               [ 4] 2235 	ld	c, a
    0000084E 06 00            [ 8] 2236 	ld	b, #0x00
    00000850 21 20 00         [12] 2237 	ld	hl, #0x0020
    00000853 09               [ 8] 2238 	add	hl, bc
    00000854 09               [ 8] 2239 	add	hl, bc
    00000855 CB 2C            [ 8] 2240 	sra	h
    00000857 CB 1D            [ 8] 2241 	rr	l
    00000859 7D               [ 4] 2242 	ld	a, l
    0000085A 01 0C 00         [12] 2243 	ld	bc, #0x000c
    0000085D C5               [16] 2244 	push	bc
    0000085E F8 04            [12] 2245 	ldhl	sp,	#4
    00000860 4E               [ 8] 2246 	ld	c, (hl)
    00000861 23               [ 8] 2247 	inc	hl
    00000862 46               [ 8] 2248 	ld	b, (hl)
    00000863 C5               [16] 2249 	push	bc
    00000864 CDr54r03         [24] 2250 	call	_getCaptureIndex
    00000867 79               [ 4] 2251 	ld	a, c
    00000868 A0               [ 4] 2252 	and	a, b
    00000869 3C               [ 4] 2253 	inc	a
    0000086A 28 04            [12] 2254 	jr	Z, 00113$
    0000086C                       2255 00101$:
                         0000086C  2256 	C$main.c$312$5_0$277	= .
                                   2257 	.globl	C$main.c$312$5_0$277
                                   2258 ;..\main.c:312: return true; // Found at least one valid capture move
    0000086C 3E 01            [ 8] 2259 	ld	a, #0x01
    0000086E 18 07            [12] 2260 	jr	00114$
    00000870                       2261 00113$:
                         00000870  2262 	C$main.c$307$2_0$274	= .
                                   2263 	.globl	C$main.c$307$2_0$274
                                   2264 ;..\main.c:307: for (int i = 0; i < numPieces; i++) {
    00000870 F8 12            [12] 2265 	ldhl	sp,	#18
    00000872 34               [12] 2266 	inc	(hl)
    00000873 C3r2Er06         [16] 2267 	jp	00112$
    00000876                       2268 00110$:
                         00000876  2269 	C$main.c$315$1_0$273	= .
                                   2270 	.globl	C$main.c$315$1_0$273
                                   2271 ;..\main.c:315: return false; // No valid capture moves found for any piece
    00000876 AF               [ 4] 2272 	xor	a, a
    00000877                       2273 00114$:
                         00000877  2274 	C$main.c$316$1_0$273	= .
                                   2275 	.globl	C$main.c$316$1_0$273
                                   2276 ;..\main.c:316: }
    00000877 E8 14            [16] 2277 	add	sp, #20
                         00000879  2278 	C$main.c$316$1_0$273	= .
                                   2279 	.globl	C$main.c$316$1_0$273
                         00000879  2280 	XG$hasValidCaptureMoves$0$0	= .
                                   2281 	.globl	XG$hasValidCaptureMoves$0$0
    00000879 C9               [16] 2282 	ret
                         0000087A  2283 	G$hasValidNonCaptureMoves$0$0	= .
                                   2284 	.globl	G$hasValidNonCaptureMoves$0$0
                         0000087A  2285 	C$main.c$317$1_0$279	= .
                                   2286 	.globl	C$main.c$317$1_0$279
                                   2287 ;..\main.c:317: bool hasValidNonCaptureMoves(UINT8 currentPlayer) {
                                   2288 ;	---------------------------------
                                   2289 ; Function hasValidNonCaptureMoves
                                   2290 ; ---------------------------------
    0000087A                       2291 _hasValidNonCaptureMoves::
    0000087A E8 F7            [16] 2292 	add	sp, #-9
    0000087C F8 06            [12] 2293 	ldhl	sp,	#6
                         0000087E  2294 	C$main.c$318$1_0$279	= .
                                   2295 	.globl	C$main.c$318$1_0$279
                                   2296 ;..\main.c:318: Piece* pieces = (currentPlayer == BLACK_PLAYER) ? blackPieces : whitePieces;
    0000087E 77               [ 8] 2297 	ld	(hl), a
    0000087F B7               [ 4] 2298 	or	a, a
    00000880 20 05            [12] 2299 	jr	NZ, 00112$
    00000882 01r73r02         [12] 2300 	ld	bc, #_blackPieces+0
    00000885 18 03            [12] 2301 	jr	00113$
    00000887                       2302 00112$:
    00000887 01r97r02         [12] 2303 	ld	bc, #_whitePieces+0
    0000088A                       2304 00113$:
    0000088A F8 02            [12] 2305 	ldhl	sp,	#2
    0000088C 79               [ 4] 2306 	ld	a, c
    0000088D 22               [ 8] 2307 	ld	(hl+), a
    0000088E 70               [ 8] 2308 	ld	(hl), b
                         0000088F  2309 	C$main.c$320$1_0$279	= .
                                   2310 	.globl	C$main.c$320$1_0$279
                                   2311 ;..\main.c:320: for (int i = 0; i < numPieces; i++) {
    0000088F AF               [ 4] 2312 	xor	a, a
    00000890 F8 07            [12] 2313 	ldhl	sp,	#7
    00000892 22               [ 8] 2314 	ld	(hl+), a
    00000893 77               [ 8] 2315 	ld	(hl), a
    00000894                       2316 00108$:
    00000894 F8 07            [12] 2317 	ldhl	sp,	#7
    00000896 2A               [ 8] 2318 	ld	a, (hl+)
    00000897 D6 0C            [ 8] 2319 	sub	a, #0x0c
    00000899 7E               [ 8] 2320 	ld	a, (hl)
    0000089A DE 00            [ 8] 2321 	sbc	a, #0x00
    0000089C D2r41r09         [16] 2322 	jp	NC, 00106$
                         0000089F  2323 	C$main.c$321$4_0$282	= .
                                   2324 	.globl	C$main.c$321$4_0$282
                                   2325 ;..\main.c:321: if (isValidMove(pieces[i].x - SQUARE_SIZE, pieces[i].y - SQUARE_SIZE, currentPlayer, i) ||
    0000089F 2B               [ 8] 2326 	dec	hl
    000008A0 2A               [ 8] 2327 	ld	a, (hl+)
    000008A1 4F               [ 4] 2328 	ld	c, a
    000008A2 46               [ 8] 2329 	ld	b, (hl)
    000008A3 69               [ 4] 2330 	ld	l, c
    000008A4 60               [ 4] 2331 	ld	h, b
    000008A5 29               [ 8] 2332 	add	hl, hl
    000008A6 09               [ 8] 2333 	add	hl, bc
    000008A7 4D               [ 4] 2334 	ld	c, l
    000008A8 44               [ 4] 2335 	ld	b, h
    000008A9 F8 02            [12] 2336 	ldhl	sp,	#2
    000008AB 2A               [ 8] 2337 	ld	a,	(hl+)
    000008AC 66               [ 8] 2338 	ld	h, (hl)
    000008AD 6F               [ 4] 2339 	ld	l, a
    000008AE 09               [ 8] 2340 	add	hl, bc
    000008AF 5D               [ 4] 2341 	ld	e, l
    000008B0 54               [ 4] 2342 	ld	d, h
    000008B1 4B               [ 4] 2343 	ld	c, e
    000008B2 42               [ 4] 2344 	ld	b, d
    000008B3 03               [ 8] 2345 	inc	bc
    000008B4 0A               [ 8] 2346 	ld	a, (bc)
    000008B5 C6 F0            [ 8] 2347 	add	a, #0xf0
    000008B7 F8 05            [12] 2348 	ldhl	sp,	#5
    000008B9 22               [ 8] 2349 	ld	(hl+), a
    000008BA 23               [ 8] 2350 	inc	hl
    000008BB 33               [ 8] 2351 	inc	sp
    000008BC 33               [ 8] 2352 	inc	sp
    000008BD D5               [16] 2353 	push	de
    000008BE 1A               [ 8] 2354 	ld	a, (de)
    000008BF C6 F0            [ 8] 2355 	add	a, #0xf0
    000008C1 C5               [16] 2356 	push	bc
    000008C2 5E               [ 8] 2357 	ld	e, (hl)
    000008C3 2B               [ 8] 2358 	dec	hl
    000008C4 16 00            [ 8] 2359 	ld	d, #0x00
    000008C6 D5               [16] 2360 	push	de
    000008C7 66               [ 8] 2361 	ld	h, (hl)
    000008C8 E5               [16] 2362 	push	hl
    000008C9 33               [ 8] 2363 	inc	sp
    000008CA F8 0A            [12] 2364 	ldhl	sp,	#10
    000008CC 5E               [ 8] 2365 	ld	e, (hl)
    000008CD CDrBAr03         [24] 2366 	call	_isValidMove
    000008D0 5F               [ 4] 2367 	ld	e, a
    000008D1 C1               [12] 2368 	pop	bc
    000008D2 CB 43            [ 8] 2369 	bit	0, e
    000008D4 20 61            [12] 2370 	jr	NZ, 00101$
                         000008D6  2371 	C$main.c$322$4_0$282	= .
                                   2372 	.globl	C$main.c$322$4_0$282
                                   2373 ;..\main.c:322: isValidMove(pieces[i].x + SQUARE_SIZE, pieces[i].y - SQUARE_SIZE, currentPlayer, i) ||
    000008D6 0A               [ 8] 2374 	ld	a, (bc)
    000008D7 C6 F0            [ 8] 2375 	add	a, #0xf0
    000008D9 F8 05            [12] 2376 	ldhl	sp,	#5
    000008DB 22               [ 8] 2377 	ld	(hl+), a
    000008DC 23               [ 8] 2378 	inc	hl
    000008DD D1               [12] 2379 	pop	de
    000008DE D5               [16] 2380 	push	de
    000008DF 1A               [ 8] 2381 	ld	a, (de)
    000008E0 C6 10            [ 8] 2382 	add	a, #0x10
    000008E2 C5               [16] 2383 	push	bc
    000008E3 5E               [ 8] 2384 	ld	e, (hl)
    000008E4 2B               [ 8] 2385 	dec	hl
    000008E5 16 00            [ 8] 2386 	ld	d, #0x00
    000008E7 D5               [16] 2387 	push	de
    000008E8 66               [ 8] 2388 	ld	h, (hl)
    000008E9 E5               [16] 2389 	push	hl
    000008EA 33               [ 8] 2390 	inc	sp
    000008EB F8 0A            [12] 2391 	ldhl	sp,	#10
    000008ED 5E               [ 8] 2392 	ld	e, (hl)
    000008EE CDrBAr03         [24] 2393 	call	_isValidMove
    000008F1 5F               [ 4] 2394 	ld	e, a
    000008F2 C1               [12] 2395 	pop	bc
    000008F3 CB 43            [ 8] 2396 	bit	0, e
    000008F5 20 40            [12] 2397 	jr	NZ, 00101$
                         000008F7  2398 	C$main.c$323$4_0$282	= .
                                   2399 	.globl	C$main.c$323$4_0$282
                                   2400 ;..\main.c:323: isValidMove(pieces[i].x - SQUARE_SIZE, pieces[i].y + SQUARE_SIZE, currentPlayer, i) ||
    000008F7 0A               [ 8] 2401 	ld	a, (bc)
    000008F8 C6 10            [ 8] 2402 	add	a, #0x10
    000008FA F8 05            [12] 2403 	ldhl	sp,	#5
    000008FC 22               [ 8] 2404 	ld	(hl+), a
    000008FD 23               [ 8] 2405 	inc	hl
    000008FE D1               [12] 2406 	pop	de
    000008FF D5               [16] 2407 	push	de
    00000900 1A               [ 8] 2408 	ld	a, (de)
    00000901 C6 F0            [ 8] 2409 	add	a, #0xf0
    00000903 C5               [16] 2410 	push	bc
    00000904 5E               [ 8] 2411 	ld	e, (hl)
    00000905 2B               [ 8] 2412 	dec	hl
    00000906 16 00            [ 8] 2413 	ld	d, #0x00
    00000908 D5               [16] 2414 	push	de
    00000909 66               [ 8] 2415 	ld	h, (hl)
    0000090A E5               [16] 2416 	push	hl
    0000090B 33               [ 8] 2417 	inc	sp
    0000090C F8 0A            [12] 2418 	ldhl	sp,	#10
    0000090E 5E               [ 8] 2419 	ld	e, (hl)
    0000090F CDrBAr03         [24] 2420 	call	_isValidMove
    00000912 5F               [ 4] 2421 	ld	e, a
    00000913 C1               [12] 2422 	pop	bc
    00000914 CB 43            [ 8] 2423 	bit	0, e
    00000916 20 1F            [12] 2424 	jr	NZ, 00101$
                         00000918  2425 	C$main.c$324$4_0$282	= .
                                   2426 	.globl	C$main.c$324$4_0$282
                                   2427 ;..\main.c:324: isValidMove(pieces[i].x + SQUARE_SIZE, pieces[i].y + SQUARE_SIZE, currentPlayer, i)) {
    00000918 0A               [ 8] 2428 	ld	a, (bc)
    00000919 C6 10            [ 8] 2429 	add	a, #0x10
    0000091B F8 04            [12] 2430 	ldhl	sp,	#4
    0000091D 22               [ 8] 2431 	ld	(hl+), a
    0000091E D1               [12] 2432 	pop	de
    0000091F D5               [16] 2433 	push	de
    00000920 1A               [ 8] 2434 	ld	a, (de)
    00000921 22               [ 8] 2435 	ld	(hl+), a
    00000922 23               [ 8] 2436 	inc	hl
    00000923 C6 10            [ 8] 2437 	add	a, #0x10
    00000925 5E               [ 8] 2438 	ld	e, (hl)
    00000926 2B               [ 8] 2439 	dec	hl
    00000927 16 00            [ 8] 2440 	ld	d, #0x00
    00000929 D5               [16] 2441 	push	de
    0000092A 66               [ 8] 2442 	ld	h, (hl)
    0000092B E5               [16] 2443 	push	hl
    0000092C 33               [ 8] 2444 	inc	sp
    0000092D F8 07            [12] 2445 	ldhl	sp,	#7
    0000092F 5E               [ 8] 2446 	ld	e, (hl)
    00000930 CDrBAr03         [24] 2447 	call	_isValidMove
    00000933 CB 47            [ 8] 2448 	bit	0,a
    00000935 28 04            [12] 2449 	jr	Z, 00109$
    00000937                       2450 00101$:
                         00000937  2451 	C$main.c$325$5_0$283	= .
                                   2452 	.globl	C$main.c$325$5_0$283
                                   2453 ;..\main.c:325: return true; // Found at least one valid move
    00000937 3E 01            [ 8] 2454 	ld	a, #0x01
    00000939 18 07            [12] 2455 	jr	00110$
    0000093B                       2456 00109$:
                         0000093B  2457 	C$main.c$320$2_0$280	= .
                                   2458 	.globl	C$main.c$320$2_0$280
                                   2459 ;..\main.c:320: for (int i = 0; i < numPieces; i++) {
    0000093B F8 07            [12] 2460 	ldhl	sp,	#7
    0000093D 34               [12] 2461 	inc	(hl)
    0000093E C3r94r08         [16] 2462 	jp	00108$
    00000941                       2463 00106$:
                         00000941  2464 	C$main.c$328$1_0$279	= .
                                   2465 	.globl	C$main.c$328$1_0$279
                                   2466 ;..\main.c:328: return false; // No valid moves found for any piece
    00000941 AF               [ 4] 2467 	xor	a, a
    00000942                       2468 00110$:
                         00000942  2469 	C$main.c$329$1_0$279	= .
                                   2470 	.globl	C$main.c$329$1_0$279
                                   2471 ;..\main.c:329: }
    00000942 E8 09            [16] 2472 	add	sp, #9
                         00000944  2473 	C$main.c$329$1_0$279	= .
                                   2474 	.globl	C$main.c$329$1_0$279
                         00000944  2475 	XG$hasValidNonCaptureMoves$0$0	= .
                                   2476 	.globl	XG$hasValidNonCaptureMoves$0$0
    00000944 C9               [16] 2477 	ret
                         00000945  2478 	G$hasValidMoves$0$0	= .
                                   2479 	.globl	G$hasValidMoves$0$0
                         00000945  2480 	C$main.c$330$1_0$285	= .
                                   2481 	.globl	C$main.c$330$1_0$285
                                   2482 ;..\main.c:330: bool hasValidMoves(UINT8 currentPlayer) {
                                   2483 ;	---------------------------------
                                   2484 ; Function hasValidMoves
                                   2485 ; ---------------------------------
    00000945                       2486 _hasValidMoves::
    00000945 5F               [ 4] 2487 	ld	e, a
                         00000946  2488 	C$main.c$331$1_0$285	= .
                                   2489 	.globl	C$main.c$331$1_0$285
                                   2490 ;..\main.c:331: bool hasValidNonCapture = hasValidNonCaptureMoves(currentPlayer);
    00000946 D5               [16] 2491 	push	de
    00000947 7B               [ 4] 2492 	ld	a, e
    00000948 CDr7Ar08         [24] 2493 	call	_hasValidNonCaptureMoves
    0000094B 4F               [ 4] 2494 	ld	c, a
    0000094C D1               [12] 2495 	pop	de
                         0000094D  2496 	C$main.c$332$1_0$285	= .
                                   2497 	.globl	C$main.c$332$1_0$285
                                   2498 ;..\main.c:332: bool hasValidCapture = hasValidCaptureMoves(currentPlayer);
    0000094D C5               [16] 2499 	push	bc
    0000094E 7B               [ 4] 2500 	ld	a, e
    0000094F CDr03r06         [24] 2501 	call	_hasValidCaptureMoves
    00000952 5F               [ 4] 2502 	ld	e, a
    00000953 C1               [12] 2503 	pop	bc
                         00000954  2504 	C$main.c$333$2_0$286	= .
                                   2505 	.globl	C$main.c$333$2_0$286
                                   2506 ;..\main.c:333: if (hasValidNonCapture || hasValidCapture) {
    00000954 CB 41            [ 8] 2507 	bit	0, c
    00000956 20 04            [12] 2508 	jr	NZ, 00101$
    00000958 CB 43            [ 8] 2509 	bit	0, e
    0000095A 28 03            [12] 2510 	jr	Z, 00102$
    0000095C                       2511 00101$:
                         0000095C  2512 	C$main.c$334$3_0$287	= .
                                   2513 	.globl	C$main.c$334$3_0$287
                                   2514 ;..\main.c:334: return true; // No valid moves
    0000095C 3E 01            [ 8] 2515 	ld	a, #0x01
    0000095E C9               [16] 2516 	ret
    0000095F                       2517 00102$:
                         0000095F  2518 	C$main.c$336$1_0$285	= .
                                   2519 	.globl	C$main.c$336$1_0$285
                                   2520 ;..\main.c:336: return false; // Has valid moves
    0000095F AF               [ 4] 2521 	xor	a, a
                         00000960  2522 	C$main.c$337$1_0$285	= .
                                   2523 	.globl	C$main.c$337$1_0$285
                                   2524 ;..\main.c:337: }
                         00000960  2525 	C$main.c$337$1_0$285	= .
                                   2526 	.globl	C$main.c$337$1_0$285
                         00000960  2527 	XG$hasValidMoves$0$0	= .
                                   2528 	.globl	XG$hasValidMoves$0$0
    00000960 C9               [16] 2529 	ret
                         00000961  2530 	G$printTurn$0$0	= .
                                   2531 	.globl	G$printTurn$0$0
                         00000961  2532 	C$main.c$338$1_0$289	= .
                                   2533 	.globl	C$main.c$338$1_0$289
                                   2534 ;..\main.c:338: void printTurn() {
                                   2535 ;	---------------------------------
                                   2536 ; Function printTurn
                                   2537 ; ---------------------------------
    00000961                       2538 _printTurn::
                         00000961  2539 	C$main.c$339$2_0$289	= .
                                   2540 	.globl	C$main.c$339$2_0$289
                                   2541 ;..\main.c:339: if (hasValidMoves(currentPlayer)){
    00000961 FAr07r00         [16] 2542 	ld	a, (_currentPlayer)
    00000964 CDr45r09         [24] 2543 	call	_hasValidMoves
    00000967 CB 47            [ 8] 2544 	bit	0,a
    00000969 28 33            [12] 2545 	jr	Z, 00108$
                         0000096B  2546 	C$main.c$340$4_0$291	= .
                                   2547 	.globl	C$main.c$340$4_0$291
                                   2548 ;..\main.c:340: if (currentPlayer == BLACK_PLAYER){
    0000096B FAr07r00         [16] 2549 	ld	a, (#_currentPlayer)
    0000096E B7               [ 4] 2550 	or	a, a
    0000096F 20 13            [12] 2551 	jr	NZ, 00102$
                         00000971  2552 	C$main.c$341$5_0$292	= .
                                   2553 	.globl	C$main.c$341$5_0$292
                                   2554 ;..\main.c:341: set_win_tiles(2, 0, 16, 1, currentPlayerBlackText);
    00000971 11r03r02         [12] 2555 	ld	de, #_currentPlayerBlackText
    00000974 D5               [16] 2556 	push	de
    00000975 21 10 01         [12] 2557 	ld	hl, #0x110
    00000978 E5               [16] 2558 	push	hl
    00000979 21 02 00         [12] 2559 	ld	hl, #0x02
    0000097C E5               [16] 2560 	push	hl
    0000097D CDr00r00         [24] 2561 	call	_set_win_tiles
    00000980 E8 06            [16] 2562 	add	sp, #6
    00000982 18 11            [12] 2563 	jr	00103$
    00000984                       2564 00102$:
                         00000984  2565 	C$main.c$343$5_0$293	= .
                                   2566 	.globl	C$main.c$343$5_0$293
                                   2567 ;..\main.c:343: set_win_tiles(2, 0, 16, 1, currentPlayerWhiteText);
    00000984 11r13r02         [12] 2568 	ld	de, #_currentPlayerWhiteText
    00000987 D5               [16] 2569 	push	de
    00000988 21 10 01         [12] 2570 	ld	hl, #0x110
    0000098B E5               [16] 2571 	push	hl
    0000098C 21 02 00         [12] 2572 	ld	hl, #0x02
    0000098F E5               [16] 2573 	push	hl
    00000990 CDr00r00         [24] 2574 	call	_set_win_tiles
    00000993 E8 06            [16] 2575 	add	sp, #6
    00000995                       2576 00103$:
                                   2577 ;c:\users\bluej\onedrive\desktop\code projects\vs code\checkers revived i guess\checkers\gbdk\include\gb\gb.h:1739: WX_REG=x, WY_REG=y;
    00000995 3E 07            [ 8] 2578 	ld	a, #0x07
    00000997 E0r00            [12] 2579 	ldh	(_WX_REG + 0), a
    00000999 3E 88            [ 8] 2580 	ld	a, #0x88
    0000099B E0r00            [12] 2581 	ldh	(_WY_REG + 0), a
                         0000099D  2582 	C$main.c$345$2_0$289	= .
                                   2583 	.globl	C$main.c$345$2_0$289
                                   2584 ;..\main.c:345: move_win(7, 136);
    0000099D C9               [16] 2585 	ret
    0000099E                       2586 00108$:
                         0000099E  2587 	C$main.c$347$3_0$294	= .
                                   2588 	.globl	C$main.c$347$3_0$294
                                   2589 ;..\main.c:347: set_win_tiles(2, 0, 16, 1, clearText);
    0000099E 11r23r02         [12] 2590 	ld	de, #_clearText
    000009A1 D5               [16] 2591 	push	de
    000009A2 21 10 01         [12] 2592 	ld	hl, #0x110
    000009A5 E5               [16] 2593 	push	hl
    000009A6 21 02 00         [12] 2594 	ld	hl, #0x02
    000009A9 E5               [16] 2595 	push	hl
    000009AA CDr00r00         [24] 2596 	call	_set_win_tiles
    000009AD E8 06            [16] 2597 	add	sp, #6
                         000009AF  2598 	C$main.c$348$4_0$295	= .
                                   2599 	.globl	C$main.c$348$4_0$295
                                   2600 ;..\main.c:348: if (currentPlayer == BLACK_PLAYER){
    000009AF FAr07r00         [16] 2601 	ld	a, (#_currentPlayer)
    000009B2 B7               [ 4] 2602 	or	a, a
    000009B3 20 13            [12] 2603 	jr	NZ, 00105$
                         000009B5  2604 	C$main.c$349$5_0$296	= .
                                   2605 	.globl	C$main.c$349$5_0$296
                                   2606 ;..\main.c:349: set_win_tiles(2, 8, 16, 1, whiteWins);
    000009B5 11r33r02         [12] 2607 	ld	de, #_whiteWins
    000009B8 D5               [16] 2608 	push	de
    000009B9 21 10 01         [12] 2609 	ld	hl, #0x110
    000009BC E5               [16] 2610 	push	hl
    000009BD 21 02 08         [12] 2611 	ld	hl, #0x802
    000009C0 E5               [16] 2612 	push	hl
    000009C1 CDr00r00         [24] 2613 	call	_set_win_tiles
    000009C4 E8 06            [16] 2614 	add	sp, #6
    000009C6 18 11            [12] 2615 	jr	00106$
    000009C8                       2616 00105$:
                         000009C8  2617 	C$main.c$351$5_0$297	= .
                                   2618 	.globl	C$main.c$351$5_0$297
                                   2619 ;..\main.c:351: set_win_tiles(2, 8, 16, 1, blackWins);
    000009C8 11r43r02         [12] 2620 	ld	de, #_blackWins
    000009CB D5               [16] 2621 	push	de
    000009CC 21 10 01         [12] 2622 	ld	hl, #0x110
    000009CF E5               [16] 2623 	push	hl
    000009D0 21 02 08         [12] 2624 	ld	hl, #0x802
    000009D3 E5               [16] 2625 	push	hl
    000009D4 CDr00r00         [24] 2626 	call	_set_win_tiles
    000009D7 E8 06            [16] 2627 	add	sp, #6
    000009D9                       2628 00106$:
                                   2629 ;c:\users\bluej\onedrive\desktop\code projects\vs code\checkers revived i guess\checkers\gbdk\include\gb\gb.h:1739: WX_REG=x, WY_REG=y;
    000009D9 3E 07            [ 8] 2630 	ld	a, #0x07
    000009DB E0r00            [12] 2631 	ldh	(_WX_REG + 0), a
    000009DD 3E 07            [ 8] 2632 	ld	a, #0x07
    000009DF E0r00            [12] 2633 	ldh	(_WY_REG + 0), a
                         000009E1  2634 	C$main.c$353$2_0$289	= .
                                   2635 	.globl	C$main.c$353$2_0$289
                                   2636 ;..\main.c:353: move_win(7, 7);
                         000009E1  2637 	C$main.c$355$2_0$289	= .
                                   2638 	.globl	C$main.c$355$2_0$289
                                   2639 ;..\main.c:355: }
                         000009E1  2640 	C$main.c$355$2_0$289	= .
                                   2641 	.globl	C$main.c$355$2_0$289
                         000009E1  2642 	XG$printTurn$0$0	= .
                                   2643 	.globl	XG$printTurn$0$0
    000009E1 C9               [16] 2644 	ret
                         000009E2  2645 	G$main$0$0	= .
                                   2646 	.globl	G$main$0$0
                         000009E2  2647 	C$main.c$357$2_0$304	= .
                                   2648 	.globl	C$main.c$357$2_0$304
                                   2649 ;..\main.c:357: void main() {
                                   2650 ;	---------------------------------
                                   2651 ; Function main
                                   2652 ; ---------------------------------
    000009E2                       2653 _main::
    000009E2 E8 F0            [16] 2654 	add	sp, #-16
                         000009E4  2655 	C$main.c$358$1_0$304	= .
                                   2656 	.globl	C$main.c$358$1_0$304
                                   2657 ;..\main.c:358: font();
    000009E4 CDrF2r00         [24] 2658 	call	_font
                         000009E7  2659 	C$main.c$359$1_0$304	= .
                                   2660 	.globl	C$main.c$359$1_0$304
                                   2661 ;..\main.c:359: printTurn();
    000009E7 CDr61r09         [24] 2662 	call	_printTurn
                         000009EA  2663 	C$main.c$360$1_0$304	= .
                                   2664 	.globl	C$main.c$360$1_0$304
                                   2665 ;..\main.c:360: printbkg();
    000009EA CDr03r01         [24] 2666 	call	_printbkg
                         000009ED  2667 	C$main.c$361$1_0$304	= .
                                   2668 	.globl	C$main.c$361$1_0$304
                                   2669 ;..\main.c:361: printSquare();
    000009ED CDr3Br01         [24] 2670 	call	_printSquare
                         000009F0  2671 	C$main.c$362$1_0$304	= .
                                   2672 	.globl	C$main.c$362$1_0$304
                                   2673 ;..\main.c:362: printBlack();
    000009F0 CDr85r01         [24] 2674 	call	_printBlack
                         000009F3  2675 	C$main.c$363$1_0$304	= .
                                   2676 	.globl	C$main.c$363$1_0$304
                                   2677 ;..\main.c:363: printWhite();
    000009F3 CDr61r02         [24] 2678 	call	_printWhite
                         000009F6  2679 	C$main.c$364$1_0$304	= .
                                   2680 	.globl	C$main.c$364$1_0$304
                                   2681 ;..\main.c:364: SHOW_BKG;  
    000009F6 F0r00            [12] 2682 	ldh	a, (_LCDC_REG + 0)
    000009F8 F6 01            [ 8] 2683 	or	a, #0x01
    000009FA E0r00            [12] 2684 	ldh	(_LCDC_REG + 0), a
                         000009FC  2685 	C$main.c$365$1_0$304	= .
                                   2686 	.globl	C$main.c$365$1_0$304
                                   2687 ;..\main.c:365: SHOW_SPRITES;
    000009FC F0r00            [12] 2688 	ldh	a, (_LCDC_REG + 0)
    000009FE F6 02            [ 8] 2689 	or	a, #0x02
    00000A00 E0r00            [12] 2690 	ldh	(_LCDC_REG + 0), a
                         00000A02  2691 	C$main.c$366$1_0$304	= .
                                   2692 	.globl	C$main.c$366$1_0$304
                                   2693 ;..\main.c:366: SHOW_WIN;
    00000A02 F0r00            [12] 2694 	ldh	a, (_LCDC_REG + 0)
    00000A04 F6 20            [ 8] 2695 	or	a, #0x20
    00000A06 E0r00            [12] 2696 	ldh	(_LCDC_REG + 0), a
                         00000A08  2697 	C$main.c$367$1_0$304	= .
                                   2698 	.globl	C$main.c$367$1_0$304
                                   2699 ;..\main.c:367: while(1) {
    00000A08                       2700 00153$:
                         00000A08  2701 	C$main.c$368$2_0$305	= .
                                   2702 	.globl	C$main.c$368$2_0$305
                                   2703 ;..\main.c:368: joypad_input = joypad();
    00000A08 CDr00r00         [24] 2704 	call	_joypad
    00000A0B 21r00r00         [12] 2705 	ld	hl, #_joypad_input
    00000A0E 77               [ 8] 2706 	ld	(hl), a
                         00000A0F  2707 	C$main.c$370$3_0$306	= .
                                   2708 	.globl	C$main.c$370$3_0$306
                                   2709 ;..\main.c:370: if (joypad_input != lastButtonState) {
    00000A0F 7E               [ 8] 2710 	ld	a, (hl)
    00000A10 21r00r00         [12] 2711 	ld	hl, #_lastButtonState
    00000A13 96               [ 8] 2712 	sub	a, (hl)
    00000A14 28 0E            [12] 2713 	jr	Z, 00104$
                         00000A16  2714 	C$main.c$371$4_0$307	= .
                                   2715 	.globl	C$main.c$371$4_0$307
                                   2716 ;..\main.c:371: debounceTimer = 0; // Reset the debounce timer
    00000A16 AF               [ 4] 2717 	xor	a, a
    00000A17 21r01r00         [12] 2718 	ld	hl, #_debounceTimer
    00000A1A 22               [ 8] 2719 	ld	(hl+), a
    00000A1B 77               [ 8] 2720 	ld	(hl), a
                         00000A1C  2721 	C$main.c$372$4_0$307	= .
                                   2722 	.globl	C$main.c$372$4_0$307
                                   2723 ;..\main.c:372: lastButtonState = joypad_input;
    00000A1C FAr00r00         [16] 2724 	ld	a, (#_joypad_input)
    00000A1F EAr00r00         [16] 2725 	ld	(#_lastButtonState),a
    00000A22 18 16            [12] 2726 	jr	00105$
    00000A24                       2727 00104$:
                         00000A24  2728 	C$main.c$373$4_0$308	= .
                                   2729 	.globl	C$main.c$373$4_0$308
                                   2730 ;..\main.c:373: } else if (debounceTimer < DEBOUNCE_DELAY) {
    00000A24 21r01r00         [12] 2731 	ld	hl, #_debounceTimer
    00000A27 2A               [ 8] 2732 	ld	a, (hl+)
    00000A28 D6 06            [ 8] 2733 	sub	a, #0x06
    00000A2A 7E               [ 8] 2734 	ld	a, (hl)
    00000A2B DE 00            [ 8] 2735 	sbc	a, #0x00
    00000A2D 30 0B            [12] 2736 	jr	NC, 00105$
                         00000A2F  2737 	C$main.c$374$5_0$309	= .
                                   2738 	.globl	C$main.c$374$5_0$309
                                   2739 ;..\main.c:374: debounceTimer += 100; // Increment the debounce timer based on the loop delay (100ms in this code)
    00000A2F 2B               [ 8] 2740 	dec	hl
    00000A30 7E               [ 8] 2741 	ld	a, (hl)
    00000A31 C6 64            [ 8] 2742 	add	a, #0x64
    00000A33 22               [ 8] 2743 	ld	(hl+), a
    00000A34 7E               [ 8] 2744 	ld	a, (hl)
    00000A35 CE 00            [ 8] 2745 	adc	a, #0x00
    00000A37 77               [ 8] 2746 	ld	(hl), a
                         00000A38  2747 	C$main.c$375$5_0$309	= .
                                   2748 	.globl	C$main.c$375$5_0$309
                                   2749 ;..\main.c:375: continue; // Skip processing input until the debounce delay is reached
    00000A38 18 CE            [12] 2750 	jr	00153$
    00000A3A                       2751 00105$:
                         00000A3A  2752 	C$main.c$377$2_0$305	= .
                                   2753 	.globl	C$main.c$377$2_0$305
                                   2754 ;..\main.c:377: dpad();
    00000A3A CDrBAr00         [24] 2755 	call	_dpad
                         00000A3D  2756 	C$main.c$378$3_0$310	= .
                                   2757 	.globl	C$main.c$378$3_0$310
                                   2758 ;..\main.c:378: if (joypad_input & J_A) {
    00000A3D FAr00r00         [16] 2759 	ld	a, (_joypad_input)
    00000A40 CB 67            [ 8] 2760 	bit	4, a
    00000A42 CArD8r0A         [16] 2761 	jp	Z, 00189$
                         00000A45  2762 	C$main.c$379$5_0$312	= .
                                   2763 	.globl	C$main.c$379$5_0$312
                                   2764 ;..\main.c:379: if (pieceSelected == false) {
    00000A45 21r0Ar00         [12] 2765 	ld	hl, #_pieceSelected
    00000A48 CB 46            [12] 2766 	bit	0, (hl)
    00000A4A C2rD8r0A         [16] 2767 	jp	NZ, 00189$
                         00000A4D  2768 	C$main.c$380$6_0$313	= .
                                   2769 	.globl	C$main.c$380$6_0$313
                                   2770 ;..\main.c:380: checkCollision(cursorx - 4, cursory - 4, currentPlayer);
    00000A4D FAr07r00         [16] 2771 	ld	a, (_currentPlayer)
    00000A50 4F               [ 4] 2772 	ld	c, a
    00000A51 06 00            [ 8] 2773 	ld	b, #0x00
    00000A53 FAr06r00         [16] 2774 	ld	a, (_cursory)
    00000A56 C6 FC            [ 8] 2775 	add	a, #0xfc
    00000A58 5F               [ 4] 2776 	ld	e, a
    00000A59 FAr05r00         [16] 2777 	ld	a, (_cursorx)
    00000A5C C6 FC            [ 8] 2778 	add	a, #0xfc
    00000A5E C5               [16] 2779 	push	bc
    00000A5F CDr5Er05         [24] 2780 	call	_checkCollision
                         00000A62  2781 	C$main.c$382$1_0$304	= .
                                   2782 	.globl	C$main.c$382$1_0$304
                                   2783 ;..\main.c:382: if (selectedPieceIndex >= 4 && selectedPieceIndex < 16){
    00000A62 21r03r00         [12] 2784 	ld	hl, #_selectedPieceIndex
    00000A65 2A               [ 8] 2785 	ld	a, (hl+)
    00000A66 D6 10            [ 8] 2786 	sub	a, #0x10
    00000A68 7E               [ 8] 2787 	ld	a, (hl)
    00000A69 DE 00            [ 8] 2788 	sbc	a, #0x00
    00000A6B 56               [ 8] 2789 	ld	d, (hl)
    00000A6C 3E 00            [ 8] 2790 	ld	a, #0x00
    00000A6E CB 7F            [ 8] 2791 	bit	7,a
    00000A70 28 07            [12] 2792 	jr	Z, 00355$
    00000A72 CB 7A            [ 8] 2793 	bit	7, d
    00000A74 20 08            [12] 2794 	jr	NZ, 00356$
    00000A76 BF               [ 4] 2795 	cp	a, a
    00000A77 18 05            [12] 2796 	jr	00356$
    00000A79                       2797 00355$:
    00000A79 CB 7A            [ 8] 2798 	bit	7, d
    00000A7B 28 01            [12] 2799 	jr	Z, 00356$
    00000A7D 37               [ 4] 2800 	scf
    00000A7E                       2801 00356$:
    00000A7E 3E 00            [ 8] 2802 	ld	a, #0x00
    00000A80 17               [ 4] 2803 	rla
    00000A81 4F               [ 4] 2804 	ld	c, a
                         00000A82  2805 	C$main.c$381$7_0$314	= .
                                   2806 	.globl	C$main.c$381$7_0$314
                                   2807 ;..\main.c:381: if (currentPlayer == BLACK_PLAYER) {
    00000A82 FAr07r00         [16] 2808 	ld	a, (#_currentPlayer)
    00000A85 B7               [ 4] 2809 	or	a, a
    00000A86 20 29            [12] 2810 	jr	NZ, 00113$
                         00000A88  2811 	C$main.c$382$9_0$316	= .
                                   2812 	.globl	C$main.c$382$9_0$316
                                   2813 ;..\main.c:382: if (selectedPieceIndex >= 4 && selectedPieceIndex < 16){
    00000A88 21r03r00         [12] 2814 	ld	hl, #_selectedPieceIndex
    00000A8B 2A               [ 8] 2815 	ld	a, (hl+)
    00000A8C D6 04            [ 8] 2816 	sub	a, #0x04
    00000A8E 7E               [ 8] 2817 	ld	a, (hl)
    00000A8F DE 00            [ 8] 2818 	sbc	a, #0x00
    00000A91 56               [ 8] 2819 	ld	d, (hl)
    00000A92 3E 00            [ 8] 2820 	ld	a, #0x00
    00000A94 CB 7F            [ 8] 2821 	bit	7,a
    00000A96 28 07            [12] 2822 	jr	Z, 00357$
    00000A98 CB 7A            [ 8] 2823 	bit	7, d
    00000A9A 20 08            [12] 2824 	jr	NZ, 00358$
    00000A9C BF               [ 4] 2825 	cp	a, a
    00000A9D 18 05            [12] 2826 	jr	00358$
    00000A9F                       2827 00357$:
    00000A9F CB 7A            [ 8] 2828 	bit	7, d
    00000AA1 28 01            [12] 2829 	jr	Z, 00358$
    00000AA3 37               [ 4] 2830 	scf
    00000AA4                       2831 00358$:
    00000AA4 38 32            [12] 2832 	jr	C, 00189$
    00000AA6 79               [ 4] 2833 	ld	a, c
    00000AA7 B7               [ 4] 2834 	or	a, a
    00000AA8 28 2E            [12] 2835 	jr	Z, 00189$
                         00000AAA  2836 	C$main.c$383$10_0$317	= .
                                   2837 	.globl	C$main.c$383$10_0$317
                                   2838 ;..\main.c:383: pieceSelected = true;
    00000AAA 21r0Ar00         [12] 2839 	ld	hl, #_pieceSelected
    00000AAD 36 01            [12] 2840 	ld	(hl), #0x01
    00000AAF 18 27            [12] 2841 	jr	00189$
    00000AB1                       2842 00113$:
                         00000AB1  2843 	C$main.c$385$8_0$318	= .
                                   2844 	.globl	C$main.c$385$8_0$318
                                   2845 ;..\main.c:385: } else if (selectedPieceIndex >= 16 && selectedPieceIndex < 28) {
    00000AB1 CB 41            [ 8] 2846 	bit	0, c
    00000AB3 20 23            [12] 2847 	jr	NZ, 00189$
    00000AB5 21r03r00         [12] 2848 	ld	hl, #_selectedPieceIndex
    00000AB8 2A               [ 8] 2849 	ld	a, (hl+)
    00000AB9 D6 1C            [ 8] 2850 	sub	a, #0x1c
    00000ABB 7E               [ 8] 2851 	ld	a, (hl)
    00000ABC DE 00            [ 8] 2852 	sbc	a, #0x00
    00000ABE 56               [ 8] 2853 	ld	d, (hl)
    00000ABF 3E 00            [ 8] 2854 	ld	a, #0x00
    00000AC1 CB 7F            [ 8] 2855 	bit	7,a
    00000AC3 28 07            [12] 2856 	jr	Z, 00359$
    00000AC5 CB 7A            [ 8] 2857 	bit	7, d
    00000AC7 20 08            [12] 2858 	jr	NZ, 00360$
    00000AC9 BF               [ 4] 2859 	cp	a, a
    00000ACA 18 05            [12] 2860 	jr	00360$
    00000ACC                       2861 00359$:
    00000ACC CB 7A            [ 8] 2862 	bit	7, d
    00000ACE 28 01            [12] 2863 	jr	Z, 00360$
    00000AD0 37               [ 4] 2864 	scf
    00000AD1                       2865 00360$:
    00000AD1 30 05            [12] 2866 	jr	NC, 00189$
                         00000AD3  2867 	C$main.c$386$9_0$319	= .
                                   2868 	.globl	C$main.c$386$9_0$319
                                   2869 ;..\main.c:386: pieceSelected = true;
    00000AD3 21r0Ar00         [12] 2870 	ld	hl, #_pieceSelected
    00000AD6 36 01            [12] 2871 	ld	(hl), #0x01
                         00000AD8  2872 	C$main.c$390$1_0$304	= .
                                   2873 	.globl	C$main.c$390$1_0$304
                                   2874 ;..\main.c:390: while (pieceSelected == true) {
    00000AD8                       2875 00189$:
    00000AD8                       2876 00149$:
    00000AD8 21r0Ar00         [12] 2877 	ld	hl, #_pieceSelected
    00000ADB CB 46            [12] 2878 	bit	0, (hl)
    00000ADD CAr2Er0E         [16] 2879 	jp	Z, 00151$
                         00000AE0  2880 	C$main.c$391$3_0$320	= .
                                   2881 	.globl	C$main.c$391$3_0$320
                                   2882 ;..\main.c:391: delay(100);
    00000AE0 11 64 00         [12] 2883 	ld	de, #0x0064
    00000AE3 CDr00r00         [24] 2884 	call	_delay
                         00000AE6  2885 	C$main.c$392$3_0$320	= .
                                   2886 	.globl	C$main.c$392$3_0$320
                                   2887 ;..\main.c:392: joypad_input = joypad(); // Update the input inside the loop
    00000AE6 CDr00r00         [24] 2888 	call	_joypad
    00000AE9 EAr00r00         [16] 2889 	ld	(#_joypad_input),a
                         00000AEC  2890 	C$main.c$393$3_0$320	= .
                                   2891 	.globl	C$main.c$393$3_0$320
                                   2892 ;..\main.c:393: dpad();
    00000AEC CDrBAr00         [24] 2893 	call	_dpad
                                   2894 ;..\main.c:394: move_sprite(selectedPieceIndex, cursorx - 4, cursory - 4);
    00000AEF FAr06r00         [16] 2895 	ld	a, (_cursory)
    00000AF2 C6 FC            [ 8] 2896 	add	a, #0xfc
    00000AF4 F8 0C            [12] 2897 	ldhl	sp,	#12
    00000AF6 77               [ 8] 2898 	ld	(hl), a
    00000AF7 FAr05r00         [16] 2899 	ld	a, (#_cursorx)
    00000AFA F8 0F            [12] 2900 	ldhl	sp,	#15
    00000AFC 77               [ 8] 2901 	ld	(hl), a
    00000AFD 3A               [ 8] 2902 	ld	a, (hl-)
    00000AFE 2B               [ 8] 2903 	dec	hl
    00000AFF C6 FC            [ 8] 2904 	add	a, #0xfc
    00000B01 77               [ 8] 2905 	ld	(hl), a
    00000B02 FAr03r00         [16] 2906 	ld	a, (#_selectedPieceIndex)
    00000B05 F8 0F            [12] 2907 	ldhl	sp,	#15
    00000B07 77               [ 8] 2908 	ld	(hl), a
                                   2909 ;c:\users\bluej\onedrive\desktop\code projects\vs code\checkers revived i guess\checkers\gbdk\include\gb\gb.h:1973: OAM_item_t * itm = &shadow_OAM[nb];
    00000B08 3A               [ 8] 2910 	ld	a, (hl-)
    00000B09 22               [ 8] 2911 	ld	(hl+), a
    00000B0A AF               [ 4] 2912 	xor	a, a
    00000B0B 32               [ 8] 2913 	ld	(hl-), a
    00000B0C 7E               [ 8] 2914 	ld	a, (hl)
    00000B0D F8 0A            [12] 2915 	ldhl	sp,	#10
    00000B0F 22               [ 8] 2916 	ld	(hl+), a
    00000B10 36 00            [12] 2917 	ld	(hl), #0x00
    00000B12 3E 02            [ 8] 2918 	ld	a, #0x02
    00000B14                       2919 00361$:
    00000B14 F8 0A            [12] 2920 	ldhl	sp,	#10
    00000B16 CB 26            [16] 2921 	sla	(hl)
    00000B18 23               [ 8] 2922 	inc	hl
    00000B19 CB 16            [16] 2923 	rl	(hl)
    00000B1B 3D               [ 4] 2924 	dec	a
    00000B1C 20 F6            [12] 2925 	jr	NZ, 00361$
    00000B1E 2B               [ 8] 2926 	dec	hl
    00000B1F 2A               [ 8] 2927 	ld	a, (hl+)
    00000B20 5F               [ 4] 2928 	ld	e, a
    00000B21 56               [ 8] 2929 	ld	d, (hl)
    00000B22 21r00r00         [12] 2930 	ld	hl, #_shadow_OAM
    00000B25 19               [ 8] 2931 	add	hl, de
    00000B26 E5               [16] 2932 	push	hl
    00000B27 7D               [ 4] 2933 	ld	a, l
    00000B28 F8 10            [12] 2934 	ldhl	sp,	#16
    00000B2A 77               [ 8] 2935 	ld	(hl), a
    00000B2B E1               [12] 2936 	pop	hl
    00000B2C 7C               [ 4] 2937 	ld	a, h
    00000B2D F8 0F            [12] 2938 	ldhl	sp,	#15
                                   2939 ;c:\users\bluej\onedrive\desktop\code projects\vs code\checkers revived i guess\checkers\gbdk\include\gb\gb.h:1974: itm->y=y, itm->x=x;
    00000B2F 32               [ 8] 2940 	ld	(hl-), a
    00000B30 2A               [ 8] 2941 	ld	a, (hl+)
    00000B31 5F               [ 4] 2942 	ld	e, a
    00000B32 56               [ 8] 2943 	ld	d, (hl)
    00000B33 F8 0C            [12] 2944 	ldhl	sp,	#12
    00000B35 2A               [ 8] 2945 	ld	a, (hl+)
    00000B36 23               [ 8] 2946 	inc	hl
    00000B37 12               [ 8] 2947 	ld	(de), a
    00000B38 2A               [ 8] 2948 	ld	a, (hl+)
    00000B39 4F               [ 4] 2949 	ld	c, a
    00000B3A 3A               [ 8] 2950 	ld	a, (hl-)
    00000B3B 2B               [ 8] 2951 	dec	hl
    00000B3C 47               [ 4] 2952 	ld	b, a
    00000B3D 03               [ 8] 2953 	inc	bc
    00000B3E 7E               [ 8] 2954 	ld	a, (hl)
    00000B3F 02               [ 8] 2955 	ld	(bc), a
                         00000B40  2956 	C$main.c$395$4_0$321	= .
                                   2957 	.globl	C$main.c$395$4_0$321
                                   2958 ;..\main.c:395: if (joypad_input & J_A) {
    00000B40 FAr00r00         [16] 2959 	ld	a, (_joypad_input)
    00000B43 CB 67            [ 8] 2960 	bit	4, a
    00000B45 CAr1Cr0E         [16] 2961 	jp	Z, 00146$
                         00000B48  2962 	C$main.c$396$5_0$322	= .
                                   2963 	.globl	C$main.c$396$5_0$322
                                   2964 ;..\main.c:396: Piece* pieces = (currentPlayer == BLACK_PLAYER) ? blackPieces : whitePieces;
    00000B48 FAr07r00         [16] 2965 	ld	a, (#_currentPlayer)
    00000B4B B7               [ 4] 2966 	or	a, a
    00000B4C 20 09            [12] 2967 	jr	NZ, 00158$
    00000B4E F8 0E            [12] 2968 	ldhl	sp,	#14
    00000B50 36r73            [12] 2969 	ld	(hl), #<(_blackPieces)
    00000B52 23               [ 8] 2970 	inc	hl
    00000B53 36s02            [12] 2971 	ld	(hl), #>(_blackPieces)
    00000B55 18 07            [12] 2972 	jr	00159$
    00000B57                       2973 00158$:
    00000B57 F8 0E            [12] 2974 	ldhl	sp,	#14
    00000B59 3Er97            [ 8] 2975 	ld	a, #<(_whitePieces)
    00000B5B 22               [ 8] 2976 	ld	(hl+), a
    00000B5C 36s02            [12] 2977 	ld	(hl), #>(_whitePieces)
    00000B5E                       2978 00159$:
    00000B5E F8 0E            [12] 2979 	ldhl	sp,	#14
    00000B60 7E               [ 8] 2980 	ld	a, (hl)
    00000B61 F8 00            [12] 2981 	ldhl	sp,	#0
    00000B63 77               [ 8] 2982 	ld	(hl), a
    00000B64 F8 0F            [12] 2983 	ldhl	sp,	#15
    00000B66 7E               [ 8] 2984 	ld	a, (hl)
    00000B67 F8 01            [12] 2985 	ldhl	sp,	#1
    00000B69 77               [ 8] 2986 	ld	(hl), a
                         00000B6A  2987 	C$main.c$397$5_0$322	= .
                                   2988 	.globl	C$main.c$397$5_0$322
                                   2989 ;..\main.c:397: Piece* opponentPieces = (currentPlayer == BLACK_PLAYER) ? whitePieces : blackPieces;
    00000B6A FAr07r00         [16] 2990 	ld	a, (#_currentPlayer)
    00000B6D B7               [ 4] 2991 	or	a, a
    00000B6E 20 09            [12] 2992 	jr	NZ, 00160$
    00000B70 F8 0E            [12] 2993 	ldhl	sp,	#14
    00000B72 3Er97            [ 8] 2994 	ld	a, #<(_whitePieces)
    00000B74 22               [ 8] 2995 	ld	(hl+), a
    00000B75 36s02            [12] 2996 	ld	(hl), #>(_whitePieces)
    00000B77 18 07            [12] 2997 	jr	00161$
    00000B79                       2998 00160$:
    00000B79 F8 0E            [12] 2999 	ldhl	sp,	#14
    00000B7B 36r73            [12] 3000 	ld	(hl), #<(_blackPieces)
    00000B7D 23               [ 8] 3001 	inc	hl
    00000B7E 36s02            [12] 3002 	ld	(hl), #>(_blackPieces)
    00000B80                       3003 00161$:
    00000B80 F8 0E            [12] 3004 	ldhl	sp,	#14
    00000B82 7E               [ 8] 3005 	ld	a, (hl)
    00000B83 F8 02            [12] 3006 	ldhl	sp,	#2
    00000B85 77               [ 8] 3007 	ld	(hl), a
    00000B86 F8 0F            [12] 3008 	ldhl	sp,	#15
    00000B88 7E               [ 8] 3009 	ld	a, (hl)
    00000B89 F8 03            [12] 3010 	ldhl	sp,	#3
    00000B8B 77               [ 8] 3011 	ld	(hl), a
                         00000B8C  3012 	C$main.c$401$5_0$322	= .
                                   3013 	.globl	C$main.c$401$5_0$322
                                   3014 ;..\main.c:401: int dx = (cursorx - 4) - pieces[selectedCoords].x;
    00000B8C FAr05r00         [16] 3015 	ld	a, (#_cursorx)
    00000B8F F8 0E            [12] 3016 	ldhl	sp,	#14
    00000B91 22               [ 8] 3017 	ld	(hl+), a
    00000B92 AF               [ 4] 3018 	xor	a, a
    00000B93 32               [ 8] 3019 	ld	(hl-), a
    00000B94 2A               [ 8] 3020 	ld	a, (hl+)
    00000B95 5F               [ 4] 3021 	ld	e, a
    00000B96 56               [ 8] 3022 	ld	d, (hl)
    00000B97 21 04 00         [12] 3023 	ld	hl, #0x0004
    00000B9A 7B               [ 4] 3024 	ld	a, e
    00000B9B 95               [ 4] 3025 	sub	a, l
    00000B9C 5F               [ 4] 3026 	ld	e, a
    00000B9D 7A               [ 4] 3027 	ld	a, d
    00000B9E 9C               [ 4] 3028 	sbc	a, h
    00000B9F F8 05            [12] 3029 	ldhl	sp,	#5
    00000BA1 32               [ 8] 3030 	ld	(hl-), a
    00000BA2 73               [ 8] 3031 	ld	(hl), e
    00000BA3 21r08r00         [12] 3032 	ld	hl, #_selectedCoords
    00000BA6 2A               [ 8] 3033 	ld	a, (hl+)
    00000BA7 4F               [ 4] 3034 	ld	c, a
    00000BA8 46               [ 8] 3035 	ld	b, (hl)
    00000BA9 69               [ 4] 3036 	ld	l, c
    00000BAA 60               [ 4] 3037 	ld	h, b
    00000BAB 29               [ 8] 3038 	add	hl, hl
    00000BAC 09               [ 8] 3039 	add	hl, bc
    00000BAD E5               [16] 3040 	push	hl
    00000BAE 7D               [ 4] 3041 	ld	a, l
    00000BAF F8 10            [12] 3042 	ldhl	sp,	#16
    00000BB1 77               [ 8] 3043 	ld	(hl), a
    00000BB2 E1               [12] 3044 	pop	hl
    00000BB3 7C               [ 4] 3045 	ld	a, h
    00000BB4 F8 0F            [12] 3046 	ldhl	sp,	#15
    00000BB6 77               [ 8] 3047 	ld	(hl), a
    00000BB7 D1               [12] 3048 	pop	de
    00000BB8 D5               [16] 3049 	push	de
    00000BB9 3A               [ 8] 3050 	ld	a, (hl-)
    00000BBA 6E               [ 8] 3051 	ld	l, (hl)
    00000BBB 67               [ 4] 3052 	ld	h, a
    00000BBC 19               [ 8] 3053 	add	hl, de
    00000BBD E5               [16] 3054 	push	hl
    00000BBE 7D               [ 4] 3055 	ld	a, l
    00000BBF F8 0E            [12] 3056 	ldhl	sp,	#14
    00000BC1 77               [ 8] 3057 	ld	(hl), a
    00000BC2 E1               [12] 3058 	pop	hl
    00000BC3 7C               [ 4] 3059 	ld	a, h
    00000BC4 F8 0D            [12] 3060 	ldhl	sp,	#13
    00000BC6 32               [ 8] 3061 	ld	(hl-), a
    00000BC7 2A               [ 8] 3062 	ld	a, (hl+)
    00000BC8 5F               [ 4] 3063 	ld	e, a
    00000BC9 2A               [ 8] 3064 	ld	a, (hl+)
    00000BCA 23               [ 8] 3065 	inc	hl
    00000BCB 57               [ 4] 3066 	ld	d, a
    00000BCC 1A               [ 8] 3067 	ld	a, (de)
    00000BCD 77               [ 8] 3068 	ld	(hl), a
    00000BCE 7E               [ 8] 3069 	ld	a, (hl)
    00000BCF F8 06            [12] 3070 	ldhl	sp,	#6
    00000BD1 22               [ 8] 3071 	ld	(hl+), a
    00000BD2 AF               [ 4] 3072 	xor	a, a
    00000BD3 32               [ 8] 3073 	ld	(hl-), a
    00000BD4 2B               [ 8] 3074 	dec	hl
    00000BD5 2B               [ 8] 3075 	dec	hl
    00000BD6 2A               [ 8] 3076 	ld	a, (hl+)
    00000BD7 5F               [ 4] 3077 	ld	e, a
    00000BD8 2A               [ 8] 3078 	ld	a, (hl+)
    00000BD9 57               [ 4] 3079 	ld	d, a
    00000BDA 2A               [ 8] 3080 	ld	a,	(hl+)
    00000BDB 66               [ 8] 3081 	ld	h, (hl)
    00000BDC 6F               [ 4] 3082 	ld	l, a
    00000BDD 7B               [ 4] 3083 	ld	a, e
    00000BDE 95               [ 4] 3084 	sub	a, l
    00000BDF 5F               [ 4] 3085 	ld	e, a
    00000BE0 7A               [ 4] 3086 	ld	a, d
    00000BE1 9C               [ 4] 3087 	sbc	a, h
    00000BE2 F8 09            [12] 3088 	ldhl	sp,	#9
    00000BE4 32               [ 8] 3089 	ld	(hl-), a
    00000BE5 73               [ 8] 3090 	ld	(hl), e
                         00000BE6  3091 	C$main.c$402$5_0$322	= .
                                   3092 	.globl	C$main.c$402$5_0$322
                                   3093 ;..\main.c:402: int dy = (cursory - 4) - pieces[selectedCoords].y;
    00000BE6 FAr06r00         [16] 3094 	ld	a, (#_cursory)
    00000BE9 F8 0E            [12] 3095 	ldhl	sp,	#14
    00000BEB 22               [ 8] 3096 	ld	(hl+), a
    00000BEC AF               [ 4] 3097 	xor	a, a
    00000BED 32               [ 8] 3098 	ld	(hl-), a
    00000BEE 2A               [ 8] 3099 	ld	a, (hl+)
    00000BEF 5F               [ 4] 3100 	ld	e, a
    00000BF0 56               [ 8] 3101 	ld	d, (hl)
    00000BF1 21 04 00         [12] 3102 	ld	hl, #0x0004
    00000BF4 7B               [ 4] 3103 	ld	a, e
    00000BF5 95               [ 4] 3104 	sub	a, l
    00000BF6 5F               [ 4] 3105 	ld	e, a
    00000BF7 7A               [ 4] 3106 	ld	a, d
    00000BF8 9C               [ 4] 3107 	sbc	a, h
    00000BF9 F8 0B            [12] 3108 	ldhl	sp,	#11
    00000BFB 32               [ 8] 3109 	ld	(hl-), a
    00000BFC 73               [ 8] 3110 	ld	(hl), e
    00000BFD F8 0C            [12] 3111 	ldhl	sp,#12
    00000BFF 2A               [ 8] 3112 	ld	a, (hl+)
    00000C00 5F               [ 4] 3113 	ld	e, a
    00000C01 56               [ 8] 3114 	ld	d, (hl)
    00000C02 6B               [ 4] 3115 	ld	l, e
    00000C03 62               [ 4] 3116 	ld	h, d
    00000C04 23               [ 8] 3117 	inc	hl
    00000C05 E5               [16] 3118 	push	hl
    00000C06 7D               [ 4] 3119 	ld	a, l
    00000C07 F8 10            [12] 3120 	ldhl	sp,	#16
    00000C09 77               [ 8] 3121 	ld	(hl), a
    00000C0A E1               [12] 3122 	pop	hl
    00000C0B 7C               [ 4] 3123 	ld	a, h
    00000C0C F8 0F            [12] 3124 	ldhl	sp,	#15
    00000C0E 32               [ 8] 3125 	ld	(hl-), a
    00000C0F 2A               [ 8] 3126 	ld	a, (hl+)
    00000C10 5F               [ 4] 3127 	ld	e, a
    00000C11 56               [ 8] 3128 	ld	d, (hl)
    00000C12 1A               [ 8] 3129 	ld	a, (de)
    00000C13 77               [ 8] 3130 	ld	(hl), a
    00000C14 7E               [ 8] 3131 	ld	a, (hl)
    00000C15 F8 0C            [12] 3132 	ldhl	sp,	#12
    00000C17 22               [ 8] 3133 	ld	(hl+), a
    00000C18 AF               [ 4] 3134 	xor	a, a
    00000C19 32               [ 8] 3135 	ld	(hl-), a
    00000C1A 2B               [ 8] 3136 	dec	hl
    00000C1B 2B               [ 8] 3137 	dec	hl
    00000C1C 2A               [ 8] 3138 	ld	a, (hl+)
    00000C1D 5F               [ 4] 3139 	ld	e, a
    00000C1E 2A               [ 8] 3140 	ld	a, (hl+)
    00000C1F 57               [ 4] 3141 	ld	d, a
    00000C20 2A               [ 8] 3142 	ld	a,	(hl+)
    00000C21 66               [ 8] 3143 	ld	h, (hl)
    00000C22 6F               [ 4] 3144 	ld	l, a
    00000C23 7B               [ 4] 3145 	ld	a, e
    00000C24 95               [ 4] 3146 	sub	a, l
    00000C25 5F               [ 4] 3147 	ld	e, a
    00000C26 7A               [ 4] 3148 	ld	a, d
    00000C27 9C               [ 4] 3149 	sbc	a, h
    00000C28 F8 0F            [12] 3150 	ldhl	sp,	#15
    00000C2A 32               [ 8] 3151 	ld	(hl-), a
    00000C2B 73               [ 8] 3152 	ld	(hl), e
                         00000C2C  3153 	C$main.c$403$6_0$323	= .
                                   3154 	.globl	C$main.c$403$6_0$323
                                   3155 ;..\main.c:403: if (cursorx - 4 == pieces[selectedCoords].x && cursory - 4 == pieces[selectedCoords].y) {
    00000C2C F8 04            [12] 3156 	ldhl	sp,	#4
    00000C2E 2A               [ 8] 3157 	ld	a, (hl+)
    00000C2F 23               [ 8] 3158 	inc	hl
    00000C30 96               [ 8] 3159 	sub	a, (hl)
    00000C31 20 14            [12] 3160 	jr	NZ, 00142$
    00000C33 2B               [ 8] 3161 	dec	hl
    00000C34 2A               [ 8] 3162 	ld	a, (hl+)
    00000C35 23               [ 8] 3163 	inc	hl
    00000C36 96               [ 8] 3164 	sub	a, (hl)
    00000C37 20 0E            [12] 3165 	jr	NZ, 00142$
    00000C39 F8 0A            [12] 3166 	ldhl	sp,	#10
    00000C3B 2A               [ 8] 3167 	ld	a, (hl+)
    00000C3C 23               [ 8] 3168 	inc	hl
    00000C3D 96               [ 8] 3169 	sub	a, (hl)
    00000C3E 20 07            [12] 3170 	jr	NZ, 00365$
    00000C40 2B               [ 8] 3171 	dec	hl
    00000C41 2A               [ 8] 3172 	ld	a, (hl+)
    00000C42 23               [ 8] 3173 	inc	hl
    00000C43 96               [ 8] 3174 	sub	a, (hl)
    00000C44 CAr1Cr0E         [16] 3175 	jp	Z, 00146$
    00000C47                       3176 00365$:
    00000C47                       3177 00142$:
                         00000C47  3178 	C$main.c$405$7_0$325	= .
                                   3179 	.globl	C$main.c$405$7_0$325
                                   3180 ;..\main.c:405: } else if (isValidMove(cursorx - 4, cursory - 4, currentPlayer, selectedCoords)) {
    00000C47 FAr06r00         [16] 3181 	ld	a, (_cursory)
    00000C4A C6 FC            [ 8] 3182 	add	a, #0xfc
    00000C4C 5F               [ 4] 3183 	ld	e, a
    00000C4D FAr05r00         [16] 3184 	ld	a, (_cursorx)
    00000C50 C6 FC            [ 8] 3185 	add	a, #0xfc
    00000C52 21r08r00         [12] 3186 	ld	hl, #_selectedCoords
    00000C55 4E               [ 8] 3187 	ld	c, (hl)
    00000C56 23               [ 8] 3188 	inc	hl
    00000C57 46               [ 8] 3189 	ld	b, (hl)
    00000C58 C5               [16] 3190 	push	bc
    00000C59 21r07r00         [12] 3191 	ld	hl, #_currentPlayer
    00000C5C 66               [ 8] 3192 	ld	h, (hl)
    00000C5D E5               [16] 3193 	push	hl
    00000C5E 33               [ 8] 3194 	inc	sp
    00000C5F CDrBAr03         [24] 3195 	call	_isValidMove
    00000C62 CB 47            [ 8] 3196 	bit	0,a
    00000C64 CAr1Cr0E         [16] 3197 	jp	Z, 00146$
                         00000C67  3198 	C$main.c$406$9_0$327	= .
                                   3199 	.globl	C$main.c$406$9_0$327
                                   3200 ;..\main.c:406: if (hasValidCaptureMoves(currentPlayer)) {
    00000C67 FAr07r00         [16] 3201 	ld	a, (_currentPlayer)
    00000C6A CDr03r06         [24] 3202 	call	_hasValidCaptureMoves
    00000C6D CB 47            [ 8] 3203 	bit	0,a
    00000C6F CAr5Br0D         [16] 3204 	jp	Z, 00137$
                         00000C72  3205 	C$main.c$407$11_0$329	= .
                                   3206 	.globl	C$main.c$407$11_0$329
                                   3207 ;..\main.c:407: if (abs(dx) == 2 * SQUARE_SIZE || abs(dy) == 2 * SQUARE_SIZE) {
    00000C72 F8 08            [12] 3208 	ldhl	sp,	#8
    00000C74 2A               [ 8] 3209 	ld	a, (hl+)
    00000C75 5F               [ 4] 3210 	ld	e, a
    00000C76 56               [ 8] 3211 	ld	d, (hl)
    00000C77 CDr00r00         [24] 3212 	call	_abs
    00000C7A 79               [ 4] 3213 	ld	a, c
    00000C7B D6 20            [ 8] 3214 	sub	a, #0x20
    00000C7D B0               [ 4] 3215 	or	a, b
    00000C7E 28 0F            [12] 3216 	jr	Z, 00127$
    00000C80 F8 0E            [12] 3217 	ldhl	sp,	#14
    00000C82 2A               [ 8] 3218 	ld	a, (hl+)
    00000C83 5F               [ 4] 3219 	ld	e, a
    00000C84 56               [ 8] 3220 	ld	d, (hl)
    00000C85 CDr00r00         [24] 3221 	call	_abs
    00000C88 79               [ 4] 3222 	ld	a, c
    00000C89 D6 20            [ 8] 3223 	sub	a, #0x20
    00000C8B B0               [ 4] 3224 	or	a, b
    00000C8C C2r1Cr0E         [16] 3225 	jp	NZ, 00146$
    00000C8F                       3226 00127$:
                         00000C8F  3227 	C$main.c$408$12_0$330	= .
                                   3228 	.globl	C$main.c$408$12_0$330
                                   3229 ;..\main.c:408: int capturedIndex = getCaptureIndex(((cursorx - 4) - (dx/2)), ((cursory - 4) - (dy/2)), opponentPieces, numOpponentPieces);
    00000C8F FAr06r00         [16] 3230 	ld	a, (_cursory)
    00000C92 C6 FC            [ 8] 3231 	add	a, #0xfc
    00000C94 F8 0D            [12] 3232 	ldhl	sp,	#13
    00000C96 22               [ 8] 3233 	ld	(hl+), a
    00000C97 2A               [ 8] 3234 	ld	a, (hl+)
    00000C98 4F               [ 4] 3235 	ld	c, a
    00000C99 46               [ 8] 3236 	ld	b, (hl)
    00000C9A CB 7E            [12] 3237 	bit	7, (hl)
    00000C9C 28 05            [12] 3238 	jr	Z, 00162$
    00000C9E 2B               [ 8] 3239 	dec	hl
    00000C9F 2A               [ 8] 3240 	ld	a, (hl+)
    00000CA0 4F               [ 4] 3241 	ld	c, a
    00000CA1 46               [ 8] 3242 	ld	b, (hl)
    00000CA2 03               [ 8] 3243 	inc	bc
    00000CA3                       3244 00162$:
    00000CA3 CB 28            [ 8] 3245 	sra	b
    00000CA5 CB 19            [ 8] 3246 	rr	c
    00000CA7 F8 0D            [12] 3247 	ldhl	sp,	#13
    00000CA9 2A               [ 8] 3248 	ld	a, (hl+)
    00000CAA 23               [ 8] 3249 	inc	hl
    00000CAB 91               [ 4] 3250 	sub	a, c
    00000CAC 32               [ 8] 3251 	ld	(hl-), a
    00000CAD FAr05r00         [16] 3252 	ld	a, (_cursorx)
    00000CB0 C6 FC            [ 8] 3253 	add	a, #0xfc
    00000CB2 77               [ 8] 3254 	ld	(hl), a
    00000CB3 F8 08            [12] 3255 	ldhl	sp,	#8
    00000CB5 2A               [ 8] 3256 	ld	a, (hl+)
    00000CB6 4F               [ 4] 3257 	ld	c, a
    00000CB7 46               [ 8] 3258 	ld	b, (hl)
    00000CB8 CB 7E            [12] 3259 	bit	7, (hl)
    00000CBA 28 05            [12] 3260 	jr	Z, 00163$
    00000CBC 2B               [ 8] 3261 	dec	hl
    00000CBD 2A               [ 8] 3262 	ld	a, (hl+)
    00000CBE 4F               [ 4] 3263 	ld	c, a
    00000CBF 46               [ 8] 3264 	ld	b, (hl)
    00000CC0 03               [ 8] 3265 	inc	bc
    00000CC1                       3266 00163$:
    00000CC1 CB 28            [ 8] 3267 	sra	b
    00000CC3 CB 19            [ 8] 3268 	rr	c
    00000CC5 F8 0E            [12] 3269 	ldhl	sp,	#14
    00000CC7 7E               [ 8] 3270 	ld	a, (hl)
    00000CC8 91               [ 4] 3271 	sub	a, c
    00000CC9 11 0C 00         [12] 3272 	ld	de, #0x000c
    00000CCC D5               [16] 3273 	push	de
    00000CCD F8 04            [12] 3274 	ldhl	sp,	#4
    00000CCF 5E               [ 8] 3275 	ld	e, (hl)
    00000CD0 23               [ 8] 3276 	inc	hl
    00000CD1 56               [ 8] 3277 	ld	d, (hl)
    00000CD2 D5               [16] 3278 	push	de
    00000CD3 F8 13            [12] 3279 	ldhl	sp,	#19
    00000CD5 5E               [ 8] 3280 	ld	e, (hl)
    00000CD6 CDr54r03         [24] 3281 	call	_getCaptureIndex
                         00000CD9  3282 	C$main.c$409$13_0$331	= .
                                   3283 	.globl	C$main.c$409$13_0$331
                                   3284 ;..\main.c:409: if (capturedIndex != -1) {
    00000CD9 79               [ 4] 3285 	ld	a, c
    00000CDA A0               [ 4] 3286 	and	a, b
    00000CDB 3C               [ 4] 3287 	inc	a
    00000CDC CAr1Cr0E         [16] 3288 	jp	Z, 00146$
                         00000CDF  3289 	C$main.c$410$14_0$332	= .
                                   3290 	.globl	C$main.c$410$14_0$332
                                   3291 ;..\main.c:410: opponentPieces[capturedIndex].x = 0;
    00000CDF 69               [ 4] 3292 	ld	l, c
    00000CE0 60               [ 4] 3293 	ld	h, b
    00000CE1 29               [ 8] 3294 	add	hl, hl
    00000CE2 09               [ 8] 3295 	add	hl, bc
    00000CE3 4D               [ 4] 3296 	ld	c, l
    00000CE4 44               [ 4] 3297 	ld	b, h
    00000CE5 F8 02            [12] 3298 	ldhl	sp,	#2
    00000CE7 2A               [ 8] 3299 	ld	a,	(hl+)
    00000CE8 66               [ 8] 3300 	ld	h, (hl)
    00000CE9 6F               [ 4] 3301 	ld	l, a
    00000CEA 09               [ 8] 3302 	add	hl, bc
    00000CEB 4D               [ 4] 3303 	ld	c, l
    00000CEC 44               [ 4] 3304 	ld	b, h
    00000CED AF               [ 4] 3305 	xor	a, a
    00000CEE 02               [ 8] 3306 	ld	(bc), a
                         00000CEF  3307 	C$main.c$411$14_0$332	= .
                                   3308 	.globl	C$main.c$411$14_0$332
                                   3309 ;..\main.c:411: opponentPieces[capturedIndex].y = 0;
    00000CEF 03               [ 8] 3310 	inc	bc
    00000CF0 AF               [ 4] 3311 	xor	a, a
    00000CF1 02               [ 8] 3312 	ld	(bc), a
                         00000CF2  3313 	C$main.c$412$14_0$332	= .
                                   3314 	.globl	C$main.c$412$14_0$332
                                   3315 ;..\main.c:412: pieces[selectedCoords].x = cursorx - 4; 
    00000CF2 21r08r00         [12] 3316 	ld	hl, #_selectedCoords
    00000CF5 2A               [ 8] 3317 	ld	a, (hl+)
    00000CF6 4F               [ 4] 3318 	ld	c, a
    00000CF7 46               [ 8] 3319 	ld	b, (hl)
    00000CF8 69               [ 4] 3320 	ld	l, c
    00000CF9 60               [ 4] 3321 	ld	h, b
    00000CFA 29               [ 8] 3322 	add	hl, hl
    00000CFB 09               [ 8] 3323 	add	hl, bc
    00000CFC 4D               [ 4] 3324 	ld	c, l
    00000CFD 44               [ 4] 3325 	ld	b, h
    00000CFE E1               [12] 3326 	pop	hl
    00000CFF E5               [16] 3327 	push	hl
    00000D00 09               [ 8] 3328 	add	hl, bc
    00000D01 4D               [ 4] 3329 	ld	c, l
    00000D02 44               [ 4] 3330 	ld	b, h
    00000D03 FAr05r00         [16] 3331 	ld	a, (_cursorx)
    00000D06 C6 FC            [ 8] 3332 	add	a, #0xfc
    00000D08 02               [ 8] 3333 	ld	(bc), a
                         00000D09  3334 	C$main.c$413$14_0$332	= .
                                   3335 	.globl	C$main.c$413$14_0$332
                                   3336 ;..\main.c:413: pieces[selectedCoords].y = cursory - 4;
    00000D09 21r08r00         [12] 3337 	ld	hl, #_selectedCoords
    00000D0C 2A               [ 8] 3338 	ld	a, (hl+)
    00000D0D 4F               [ 4] 3339 	ld	c, a
    00000D0E 46               [ 8] 3340 	ld	b, (hl)
    00000D0F 69               [ 4] 3341 	ld	l, c
    00000D10 60               [ 4] 3342 	ld	h, b
    00000D11 29               [ 8] 3343 	add	hl, hl
    00000D12 09               [ 8] 3344 	add	hl, bc
    00000D13 4D               [ 4] 3345 	ld	c, l
    00000D14 44               [ 4] 3346 	ld	b, h
    00000D15 E1               [12] 3347 	pop	hl
    00000D16 E5               [16] 3348 	push	hl
    00000D17 09               [ 8] 3349 	add	hl, bc
    00000D18 23               [ 8] 3350 	inc	hl
    00000D19 4D               [ 4] 3351 	ld	c, l
    00000D1A 44               [ 4] 3352 	ld	b, h
    00000D1B FAr06r00         [16] 3353 	ld	a, (_cursory)
    00000D1E C6 FC            [ 8] 3354 	add	a, #0xfc
    00000D20 02               [ 8] 3355 	ld	(bc), a
                         00000D21  3356 	C$main.c$414$14_0$332	= .
                                   3357 	.globl	C$main.c$414$14_0$332
                                   3358 ;..\main.c:414: promoteToKing(pieces, numPieces, currentPlayer);
    00000D21 FAr07r00         [16] 3359 	ld	a, (_currentPlayer)
    00000D24 F5               [16] 3360 	push	af
    00000D25 33               [ 8] 3361 	inc	sp
    00000D26 01 0C 00         [12] 3362 	ld	bc, #0x000c
    00000D29 F8 01            [12] 3363 	ldhl	sp,	#1
    00000D2B 2A               [ 8] 3364 	ld	a, (hl+)
    00000D2C 5F               [ 4] 3365 	ld	e, a
    00000D2D 56               [ 8] 3366 	ld	d, (hl)
    00000D2E CDr41r00         [24] 3367 	call	_promoteToKing
                         00000D31  3368 	C$main.c$415$14_0$332	= .
                                   3369 	.globl	C$main.c$415$14_0$332
                                   3370 ;..\main.c:415: printBlack();
    00000D31 CDr85r01         [24] 3371 	call	_printBlack
                         00000D34  3372 	C$main.c$416$14_0$332	= .
                                   3373 	.globl	C$main.c$416$14_0$332
                                   3374 ;..\main.c:416: printWhite();
    00000D34 CDr61r02         [24] 3375 	call	_printWhite
                         00000D37  3376 	C$main.c$417$15_0$333	= .
                                   3377 	.globl	C$main.c$417$15_0$333
                                   3378 ;..\main.c:417: if (hasValidCaptureMoves(currentPlayer)) {
    00000D37 FAr07r00         [16] 3379 	ld	a, (_currentPlayer)
    00000D3A CDr03r06         [24] 3380 	call	_hasValidCaptureMoves
    00000D3D CB 47            [ 8] 3381 	bit	0,a
    00000D3F C2r1Cr0E         [16] 3382 	jp	NZ, 00146$
                         00000D42  3383 	C$main.c$420$17_0$336	= .
                                   3384 	.globl	C$main.c$420$17_0$336
                                   3385 ;..\main.c:420: if (currentPlayer == BLACK_PLAYER) {
    00000D42 21r07r00         [12] 3386 	ld	hl, #_currentPlayer
    00000D45 7E               [ 8] 3387 	ld	a, (hl)
    00000D46 B7               [ 4] 3388 	or	a, a
    00000D47 20 04            [12] 3389 	jr	NZ, 00120$
                         00000D49  3390 	C$main.c$421$18_0$337	= .
                                   3391 	.globl	C$main.c$421$18_0$337
                                   3392 ;..\main.c:421: currentPlayer = WHITE_PLAYER;
    00000D49 36 01            [12] 3393 	ld	(hl), #0x01
    00000D4B 18 04            [12] 3394 	jr	00121$
    00000D4D                       3395 00120$:
                         00000D4D  3396 	C$main.c$423$18_0$338	= .
                                   3397 	.globl	C$main.c$423$18_0$338
                                   3398 ;..\main.c:423: currentPlayer = BLACK_PLAYER;
    00000D4D AF               [ 4] 3399 	xor	a, a
    00000D4E EAr07r00         [16] 3400 	ld	(#_currentPlayer),a
    00000D51                       3401 00121$:
                         00000D51  3402 	C$main.c$425$16_0$335	= .
                                   3403 	.globl	C$main.c$425$16_0$335
                                   3404 ;..\main.c:425: printTurn();
    00000D51 CDr61r09         [24] 3405 	call	_printTurn
                         00000D54  3406 	C$main.c$426$16_0$335	= .
                                   3407 	.globl	C$main.c$426$16_0$335
                                   3408 ;..\main.c:426: pieceSelected = false;
    00000D54 AF               [ 4] 3409 	xor	a, a
    00000D55 EAr0Ar00         [16] 3410 	ld	(#_pieceSelected),a
                         00000D58  3411 	C$main.c$427$16_0$335	= .
                                   3412 	.globl	C$main.c$427$16_0$335
                                   3413 ;..\main.c:427: break; // Exit the loop after a piece has been moved
    00000D58 C3r2Er0E         [16] 3414 	jp	00151$
    00000D5B                       3415 00137$:
                         00000D5B  3416 	C$main.c$431$10_0$339	= .
                                   3417 	.globl	C$main.c$431$10_0$339
                                   3418 ;..\main.c:431: } else if (abs(dx) == 1 * SQUARE_SIZE || abs(dy) == 1 * SQUARE_SIZE) {
    00000D5B F8 08            [12] 3419 	ldhl	sp,	#8
    00000D5D 2A               [ 8] 3420 	ld	a, (hl+)
    00000D5E 5F               [ 4] 3421 	ld	e, a
    00000D5F 56               [ 8] 3422 	ld	d, (hl)
    00000D60 CDr00r00         [24] 3423 	call	_abs
    00000D63 79               [ 4] 3424 	ld	a, c
    00000D64 D6 10            [ 8] 3425 	sub	a, #0x10
    00000D66 B0               [ 4] 3426 	or	a, b
    00000D67 28 0F            [12] 3427 	jr	Z, 00133$
    00000D69 F8 0E            [12] 3428 	ldhl	sp,	#14
    00000D6B 2A               [ 8] 3429 	ld	a, (hl+)
    00000D6C 5F               [ 4] 3430 	ld	e, a
    00000D6D 56               [ 8] 3431 	ld	d, (hl)
    00000D6E CDr00r00         [24] 3432 	call	_abs
    00000D71 79               [ 4] 3433 	ld	a, c
    00000D72 D6 10            [ 8] 3434 	sub	a, #0x10
    00000D74 B0               [ 4] 3435 	or	a, b
    00000D75 C2r1Cr0E         [16] 3436 	jp	NZ, 00146$
    00000D78                       3437 00133$:
                         00000D78  3438 	C$main.c$432$11_0$340	= .
                                   3439 	.globl	C$main.c$432$11_0$340
                                   3440 ;..\main.c:432: pieces[selectedCoords].x = cursorx - 4; 
    00000D78 21r08r00         [12] 3441 	ld	hl, #_selectedCoords
    00000D7B 2A               [ 8] 3442 	ld	a, (hl+)
    00000D7C 4F               [ 4] 3443 	ld	c, a
    00000D7D 46               [ 8] 3444 	ld	b, (hl)
    00000D7E 69               [ 4] 3445 	ld	l, c
    00000D7F 60               [ 4] 3446 	ld	h, b
    00000D80 29               [ 8] 3447 	add	hl, hl
    00000D81 09               [ 8] 3448 	add	hl, bc
    00000D82 E5               [16] 3449 	push	hl
    00000D83 7D               [ 4] 3450 	ld	a, l
    00000D84 F8 0D            [12] 3451 	ldhl	sp,	#13
    00000D86 77               [ 8] 3452 	ld	(hl), a
    00000D87 E1               [12] 3453 	pop	hl
    00000D88 7C               [ 4] 3454 	ld	a, h
    00000D89 F8 0C            [12] 3455 	ldhl	sp,	#12
    00000D8B 32               [ 8] 3456 	ld	(hl-), a
    00000D8C 2A               [ 8] 3457 	ld	a, (hl+)
    00000D8D 5F               [ 4] 3458 	ld	e, a
    00000D8E 56               [ 8] 3459 	ld	d, (hl)
    00000D8F E1               [12] 3460 	pop	hl
    00000D90 E5               [16] 3461 	push	hl
    00000D91 19               [ 8] 3462 	add	hl, de
    00000D92 E5               [16] 3463 	push	hl
    00000D93 7D               [ 4] 3464 	ld	a, l
    00000D94 F8 0F            [12] 3465 	ldhl	sp,	#15
    00000D96 77               [ 8] 3466 	ld	(hl), a
    00000D97 E1               [12] 3467 	pop	hl
    00000D98 7C               [ 4] 3468 	ld	a, h
    00000D99 F8 0E            [12] 3469 	ldhl	sp,	#14
    00000D9B 77               [ 8] 3470 	ld	(hl), a
    00000D9C FAr05r00         [16] 3471 	ld	a, (#_cursorx)
    00000D9F F8 0F            [12] 3472 	ldhl	sp,	#15
    00000DA1 77               [ 8] 3473 	ld	(hl), a
    00000DA2 3A               [ 8] 3474 	ld	a, (hl-)
    00000DA3 2B               [ 8] 3475 	dec	hl
    00000DA4 C6 FC            [ 8] 3476 	add	a, #0xfc
    00000DA6 5E               [ 8] 3477 	ld	e, (hl)
    00000DA7 23               [ 8] 3478 	inc	hl
    00000DA8 66               [ 8] 3479 	ld	h, (hl)
    00000DA9 6B               [ 4] 3480 	ld	l, e
    00000DAA 77               [ 8] 3481 	ld	(hl), a
                         00000DAB  3482 	C$main.c$433$11_0$340	= .
                                   3483 	.globl	C$main.c$433$11_0$340
                                   3484 ;..\main.c:433: pieces[selectedCoords].y = cursory - 4;
    00000DAB 21r08r00         [12] 3485 	ld	hl, #_selectedCoords
    00000DAE 2A               [ 8] 3486 	ld	a, (hl+)
    00000DAF 4F               [ 4] 3487 	ld	c, a
    00000DB0 46               [ 8] 3488 	ld	b, (hl)
    00000DB1 69               [ 4] 3489 	ld	l, c
    00000DB2 60               [ 4] 3490 	ld	h, b
    00000DB3 29               [ 8] 3491 	add	hl, hl
    00000DB4 09               [ 8] 3492 	add	hl, bc
    00000DB5 E5               [16] 3493 	push	hl
    00000DB6 7D               [ 4] 3494 	ld	a, l
    00000DB7 F8 10            [12] 3495 	ldhl	sp,	#16
    00000DB9 77               [ 8] 3496 	ld	(hl), a
    00000DBA E1               [12] 3497 	pop	hl
    00000DBB 7C               [ 4] 3498 	ld	a, h
    00000DBC F8 0F            [12] 3499 	ldhl	sp,	#15
    00000DBE 32               [ 8] 3500 	ld	(hl-), a
    00000DBF 2A               [ 8] 3501 	ld	a, (hl+)
    00000DC0 5F               [ 4] 3502 	ld	e, a
    00000DC1 56               [ 8] 3503 	ld	d, (hl)
    00000DC2 E1               [12] 3504 	pop	hl
    00000DC3 E5               [16] 3505 	push	hl
    00000DC4 19               [ 8] 3506 	add	hl, de
    00000DC5 E5               [16] 3507 	push	hl
    00000DC6 7D               [ 4] 3508 	ld	a, l
    00000DC7 F8 0D            [12] 3509 	ldhl	sp,	#13
    00000DC9 77               [ 8] 3510 	ld	(hl), a
    00000DCA E1               [12] 3511 	pop	hl
    00000DCB 7C               [ 4] 3512 	ld	a, h
    00000DCC F8 0C            [12] 3513 	ldhl	sp,	#12
    00000DCE 32               [ 8] 3514 	ld	(hl-), a
    00000DCF 2A               [ 8] 3515 	ld	a, (hl+)
    00000DD0 5F               [ 4] 3516 	ld	e, a
    00000DD1 56               [ 8] 3517 	ld	d, (hl)
    00000DD2 6B               [ 4] 3518 	ld	l, e
    00000DD3 62               [ 4] 3519 	ld	h, d
    00000DD4 23               [ 8] 3520 	inc	hl
    00000DD5 E5               [16] 3521 	push	hl
    00000DD6 7D               [ 4] 3522 	ld	a, l
    00000DD7 F8 0F            [12] 3523 	ldhl	sp,	#15
    00000DD9 77               [ 8] 3524 	ld	(hl), a
    00000DDA E1               [12] 3525 	pop	hl
    00000DDB 7C               [ 4] 3526 	ld	a, h
    00000DDC F8 0E            [12] 3527 	ldhl	sp,	#14
    00000DDE 77               [ 8] 3528 	ld	(hl), a
    00000DDF FAr06r00         [16] 3529 	ld	a, (#_cursory)
    00000DE2 F8 0F            [12] 3530 	ldhl	sp,	#15
    00000DE4 77               [ 8] 3531 	ld	(hl), a
    00000DE5 3A               [ 8] 3532 	ld	a, (hl-)
    00000DE6 2B               [ 8] 3533 	dec	hl
    00000DE7 C6 FC            [ 8] 3534 	add	a, #0xfc
    00000DE9 5E               [ 8] 3535 	ld	e, (hl)
    00000DEA 23               [ 8] 3536 	inc	hl
    00000DEB 66               [ 8] 3537 	ld	h, (hl)
    00000DEC 6B               [ 4] 3538 	ld	l, e
    00000DED 77               [ 8] 3539 	ld	(hl), a
                         00000DEE  3540 	C$main.c$434$11_0$340	= .
                                   3541 	.globl	C$main.c$434$11_0$340
                                   3542 ;..\main.c:434: promoteToKing(pieces, numPieces, currentPlayer);
    00000DEE FAr07r00         [16] 3543 	ld	a, (_currentPlayer)
    00000DF1 F5               [16] 3544 	push	af
    00000DF2 33               [ 8] 3545 	inc	sp
    00000DF3 01 0C 00         [12] 3546 	ld	bc, #0x000c
    00000DF6 F8 01            [12] 3547 	ldhl	sp,	#1
    00000DF8 2A               [ 8] 3548 	ld	a, (hl+)
    00000DF9 5F               [ 4] 3549 	ld	e, a
    00000DFA 56               [ 8] 3550 	ld	d, (hl)
    00000DFB CDr41r00         [24] 3551 	call	_promoteToKing
                         00000DFE  3552 	C$main.c$435$12_0$341	= .
                                   3553 	.globl	C$main.c$435$12_0$341
                                   3554 ;..\main.c:435: if (currentPlayer == BLACK_PLAYER) {
    00000DFE 21r07r00         [12] 3555 	ld	hl, #_currentPlayer
    00000E01 7E               [ 8] 3556 	ld	a, (hl)
    00000E02 B7               [ 4] 3557 	or	a, a
    00000E03 20 04            [12] 3558 	jr	NZ, 00131$
                         00000E05  3559 	C$main.c$436$13_0$342	= .
                                   3560 	.globl	C$main.c$436$13_0$342
                                   3561 ;..\main.c:436: currentPlayer = WHITE_PLAYER;
    00000E05 36 01            [12] 3562 	ld	(hl), #0x01
    00000E07 18 04            [12] 3563 	jr	00132$
    00000E09                       3564 00131$:
                         00000E09  3565 	C$main.c$438$13_0$343	= .
                                   3566 	.globl	C$main.c$438$13_0$343
                                   3567 ;..\main.c:438: currentPlayer = BLACK_PLAYER;
    00000E09 AF               [ 4] 3568 	xor	a, a
    00000E0A EAr07r00         [16] 3569 	ld	(#_currentPlayer),a
    00000E0D                       3570 00132$:
                         00000E0D  3571 	C$main.c$440$11_0$340	= .
                                   3572 	.globl	C$main.c$440$11_0$340
                                   3573 ;..\main.c:440: printBlack();
    00000E0D CDr85r01         [24] 3574 	call	_printBlack
                         00000E10  3575 	C$main.c$441$11_0$340	= .
                                   3576 	.globl	C$main.c$441$11_0$340
                                   3577 ;..\main.c:441: printWhite();
    00000E10 CDr61r02         [24] 3578 	call	_printWhite
                         00000E13  3579 	C$main.c$442$11_0$340	= .
                                   3580 	.globl	C$main.c$442$11_0$340
                                   3581 ;..\main.c:442: printTurn();
    00000E13 CDr61r09         [24] 3582 	call	_printTurn
                         00000E16  3583 	C$main.c$443$11_0$340	= .
                                   3584 	.globl	C$main.c$443$11_0$340
                                   3585 ;..\main.c:443: pieceSelected = false;
    00000E16 AF               [ 4] 3586 	xor	a, a
    00000E17 EAr0Ar00         [16] 3587 	ld	(#_pieceSelected),a
                         00000E1A  3588 	C$main.c$444$11_0$340	= .
                                   3589 	.globl	C$main.c$444$11_0$340
                                   3590 ;..\main.c:444: break; // Exit the loop after a piece has been moved
    00000E1A 18 12            [12] 3591 	jr	00151$
    00000E1C                       3592 00146$:
                         00000E1C  3593 	C$main.c$448$4_0$344	= .
                                   3594 	.globl	C$main.c$448$4_0$344
                                   3595 ;..\main.c:448: if (joypad_input & J_B) {
    00000E1C FAr00r00         [16] 3596 	ld	a, (_joypad_input)
    00000E1F CB 6F            [ 8] 3597 	bit	5, a
    00000E21 CArD8r0A         [16] 3598 	jp	Z, 00149$
                         00000E24  3599 	C$main.c$449$5_0$345	= .
                                   3600 	.globl	C$main.c$449$5_0$345
                                   3601 ;..\main.c:449: pieceSelected = false;
    00000E24 AF               [ 4] 3602 	xor	a, a
    00000E25 EAr0Ar00         [16] 3603 	ld	(#_pieceSelected),a
                         00000E28  3604 	C$main.c$450$5_0$345	= .
                                   3605 	.globl	C$main.c$450$5_0$345
                                   3606 ;..\main.c:450: printBlack();
    00000E28 CDr85r01         [24] 3607 	call	_printBlack
                         00000E2B  3608 	C$main.c$451$5_0$345	= .
                                   3609 	.globl	C$main.c$451$5_0$345
                                   3610 ;..\main.c:451: printWhite();
    00000E2B CDr61r02         [24] 3611 	call	_printWhite
                         00000E2E  3612 	C$main.c$452$2_0$305	= .
                                   3613 	.globl	C$main.c$452$2_0$305
                                   3614 ;..\main.c:452: break;
    00000E2E                       3615 00151$:
                         00000E2E  3616 	C$main.c$455$2_0$305	= .
                                   3617 	.globl	C$main.c$455$2_0$305
                                   3618 ;..\main.c:455: delay(100);
    00000E2E 11 64 00         [12] 3619 	ld	de, #0x0064
    00000E31 CDr00r00         [24] 3620 	call	_delay
    00000E34 C3r08r0A         [16] 3621 	jp	00153$
                         00000E37  3622 	C$main.c$457$1_0$304	= .
                                   3623 	.globl	C$main.c$457$1_0$304
                                   3624 ;..\main.c:457: }
    00000E37 E8 10            [16] 3625 	add	sp, #16
                         00000E39  3626 	C$main.c$457$1_0$304	= .
                                   3627 	.globl	C$main.c$457$1_0$304
                         00000E39  3628 	XG$main$0$0	= .
                                   3629 	.globl	XG$main$0$0
    00000E39 C9               [16] 3630 	ret
                                   3631 	.area _CODE
                                   3632 	.area _INITIALIZER
                         00000000  3633 Fmain$__xinit_lastButtonState$0_0$0 == .
    00000000                       3634 __xinit__lastButtonState:
    00000000 00                    3635 	.db #0x00	; 0
                         00000001  3636 Fmain$__xinit_debounceTimer$0_0$0 == .
    00000001                       3637 __xinit__debounceTimer:
    00000001 00 00                 3638 	.dw #0x0000
                         00000003  3639 Fmain$__xinit_selectedPieceIndex$0_0$0 == .
    00000003                       3640 __xinit__selectedPieceIndex:
    00000003 FF FF                 3641 	.dw #0xffff
                         00000005  3642 Fmain$__xinit_cursorx$0_0$0 == .
    00000005                       3643 __xinit__cursorx:
    00000005 20                    3644 	.db #0x20	; 32
                         00000006  3645 Fmain$__xinit_cursory$0_0$0 == .
    00000006                       3646 __xinit__cursory:
    00000006 20                    3647 	.db #0x20	; 32
                         00000007  3648 Fmain$__xinit_currentPlayer$0_0$0 == .
    00000007                       3649 __xinit__currentPlayer:
    00000007 00                    3650 	.db #0x00	; 0
                         00000008  3651 Fmain$__xinit_selectedCoords$0_0$0 == .
    00000008                       3652 __xinit__selectedCoords:
    00000008 00 00                 3653 	.dw #0x0000
                         0000000A  3654 Fmain$__xinit_pieceSelected$0_0$0 == .
    0000000A                       3655 __xinit__pieceSelected:
    0000000A 00                    3656 	.db #0x00	;  0
                         0000000B  3657 Fmain$__xinit_tile1$0_0$0 == .
    0000000B                       3658 __xinit__tile1:
    0000000B FF                    3659 	.db #0xff	; 255
    0000000C FF                    3660 	.db #0xff	; 255
    0000000D FF                    3661 	.db #0xff	; 255
    0000000E FF                    3662 	.db #0xff	; 255
    0000000F FF                    3663 	.db #0xff	; 255
    00000010 FF                    3664 	.db #0xff	; 255
    00000011 FF                    3665 	.db #0xff	; 255
    00000012 FF                    3666 	.db #0xff	; 255
    00000013 FF                    3667 	.db #0xff	; 255
    00000014 FF                    3668 	.db #0xff	; 255
    00000015 FF                    3669 	.db #0xff	; 255
    00000016 FF                    3670 	.db #0xff	; 255
    00000017 FF                    3671 	.db #0xff	; 255
    00000018 FF                    3672 	.db #0xff	; 255
    00000019 FF                    3673 	.db #0xff	; 255
    0000001A FF                    3674 	.db #0xff	; 255
                         0000001B  3675 Fmain$__xinit_tile2$0_0$0 == .
    0000001B                       3676 __xinit__tile2:
    0000001B FF                    3677 	.db #0xff	; 255
    0000001C 00                    3678 	.db #0x00	; 0
    0000001D FF                    3679 	.db #0xff	; 255
    0000001E 00                    3680 	.db #0x00	; 0
    0000001F FF                    3681 	.db #0xff	; 255
    00000020 00                    3682 	.db #0x00	; 0
    00000021 FF                    3683 	.db #0xff	; 255
    00000022 00                    3684 	.db #0x00	; 0
    00000023 FF                    3685 	.db #0xff	; 255
    00000024 00                    3686 	.db #0x00	; 0
    00000025 FF                    3687 	.db #0xff	; 255
    00000026 00                    3688 	.db #0x00	; 0
    00000027 FF                    3689 	.db #0xff	; 255
    00000028 00                    3690 	.db #0x00	; 0
    00000029 FF                    3691 	.db #0xff	; 255
    0000002A 00                    3692 	.db #0x00	; 0
                         0000002B  3693 Fmain$__xinit_tile3$0_0$0 == .
    0000002B                       3694 __xinit__tile3:
    0000002B 00                    3695 	.db #0x00	; 0
    0000002C FF                    3696 	.db #0xff	; 255
    0000002D 00                    3697 	.db #0x00	; 0
    0000002E FF                    3698 	.db #0xff	; 255
    0000002F 00                    3699 	.db #0x00	; 0
    00000030 FF                    3700 	.db #0xff	; 255
    00000031 00                    3701 	.db #0x00	; 0
    00000032 FF                    3702 	.db #0xff	; 255
    00000033 00                    3703 	.db #0x00	; 0
    00000034 FF                    3704 	.db #0xff	; 255
    00000035 00                    3705 	.db #0x00	; 0
    00000036 FF                    3706 	.db #0xff	; 255
    00000037 00                    3707 	.db #0x00	; 0
    00000038 FF                    3708 	.db #0xff	; 255
    00000039 00                    3709 	.db #0x00	; 0
    0000003A FF                    3710 	.db #0xff	; 255
                         0000003B  3711 Fmain$__xinit_map$0_0$0 == .
    0000003B                       3712 __xinit__map:
    0000003B 01                    3713 	.db #0x01	; 1
    0000003C 01                    3714 	.db #0x01	; 1
    0000003D 01                    3715 	.db #0x01	; 1
    0000003E 01                    3716 	.db #0x01	; 1
    0000003F 01                    3717 	.db #0x01	; 1
    00000040 01                    3718 	.db #0x01	; 1
    00000041 01                    3719 	.db #0x01	; 1
    00000042 01                    3720 	.db #0x01	; 1
    00000043 01                    3721 	.db #0x01	; 1
    00000044 01                    3722 	.db #0x01	; 1
    00000045 01                    3723 	.db #0x01	; 1
    00000046 01                    3724 	.db #0x01	; 1
    00000047 01                    3725 	.db #0x01	; 1
    00000048 01                    3726 	.db #0x01	; 1
    00000049 01                    3727 	.db #0x01	; 1
    0000004A 01                    3728 	.db #0x01	; 1
    0000004B 01                    3729 	.db #0x01	; 1
    0000004C 01                    3730 	.db #0x01	; 1
    0000004D 01                    3731 	.db #0x01	; 1
    0000004E 01                    3732 	.db #0x01	; 1
    0000004F 01                    3733 	.db #0x01	; 1
    00000050 01                    3734 	.db #0x01	; 1
    00000051 02                    3735 	.db #0x02	; 2
    00000052 02                    3736 	.db #0x02	; 2
    00000053 03                    3737 	.db #0x03	; 3
    00000054 03                    3738 	.db #0x03	; 3
    00000055 02                    3739 	.db #0x02	; 2
    00000056 02                    3740 	.db #0x02	; 2
    00000057 03                    3741 	.db #0x03	; 3
    00000058 03                    3742 	.db #0x03	; 3
    00000059 02                    3743 	.db #0x02	; 2
    0000005A 02                    3744 	.db #0x02	; 2
    0000005B 03                    3745 	.db #0x03	; 3
    0000005C 03                    3746 	.db #0x03	; 3
    0000005D 02                    3747 	.db #0x02	; 2
    0000005E 02                    3748 	.db #0x02	; 2
    0000005F 03                    3749 	.db #0x03	; 3
    00000060 03                    3750 	.db #0x03	; 3
    00000061 01                    3751 	.db #0x01	; 1
    00000062 01                    3752 	.db #0x01	; 1
    00000063 01                    3753 	.db #0x01	; 1
    00000064 01                    3754 	.db #0x01	; 1
    00000065 02                    3755 	.db #0x02	; 2
    00000066 02                    3756 	.db #0x02	; 2
    00000067 03                    3757 	.db #0x03	; 3
    00000068 03                    3758 	.db #0x03	; 3
    00000069 02                    3759 	.db #0x02	; 2
    0000006A 02                    3760 	.db #0x02	; 2
    0000006B 03                    3761 	.db #0x03	; 3
    0000006C 03                    3762 	.db #0x03	; 3
    0000006D 02                    3763 	.db #0x02	; 2
    0000006E 02                    3764 	.db #0x02	; 2
    0000006F 03                    3765 	.db #0x03	; 3
    00000070 03                    3766 	.db #0x03	; 3
    00000071 02                    3767 	.db #0x02	; 2
    00000072 02                    3768 	.db #0x02	; 2
    00000073 03                    3769 	.db #0x03	; 3
    00000074 03                    3770 	.db #0x03	; 3
    00000075 01                    3771 	.db #0x01	; 1
    00000076 01                    3772 	.db #0x01	; 1
    00000077 01                    3773 	.db #0x01	; 1
    00000078 01                    3774 	.db #0x01	; 1
    00000079 03                    3775 	.db #0x03	; 3
    0000007A 03                    3776 	.db #0x03	; 3
    0000007B 02                    3777 	.db #0x02	; 2
    0000007C 02                    3778 	.db #0x02	; 2
    0000007D 03                    3779 	.db #0x03	; 3
    0000007E 03                    3780 	.db #0x03	; 3
    0000007F 02                    3781 	.db #0x02	; 2
    00000080 02                    3782 	.db #0x02	; 2
    00000081 03                    3783 	.db #0x03	; 3
    00000082 03                    3784 	.db #0x03	; 3
    00000083 02                    3785 	.db #0x02	; 2
    00000084 02                    3786 	.db #0x02	; 2
    00000085 03                    3787 	.db #0x03	; 3
    00000086 03                    3788 	.db #0x03	; 3
    00000087 02                    3789 	.db #0x02	; 2
    00000088 02                    3790 	.db #0x02	; 2
    00000089 01                    3791 	.db #0x01	; 1
    0000008A 01                    3792 	.db #0x01	; 1
    0000008B 01                    3793 	.db #0x01	; 1
    0000008C 01                    3794 	.db #0x01	; 1
    0000008D 03                    3795 	.db #0x03	; 3
    0000008E 03                    3796 	.db #0x03	; 3
    0000008F 02                    3797 	.db #0x02	; 2
    00000090 02                    3798 	.db #0x02	; 2
    00000091 03                    3799 	.db #0x03	; 3
    00000092 03                    3800 	.db #0x03	; 3
    00000093 02                    3801 	.db #0x02	; 2
    00000094 02                    3802 	.db #0x02	; 2
    00000095 03                    3803 	.db #0x03	; 3
    00000096 03                    3804 	.db #0x03	; 3
    00000097 02                    3805 	.db #0x02	; 2
    00000098 02                    3806 	.db #0x02	; 2
    00000099 03                    3807 	.db #0x03	; 3
    0000009A 03                    3808 	.db #0x03	; 3
    0000009B 02                    3809 	.db #0x02	; 2
    0000009C 02                    3810 	.db #0x02	; 2
    0000009D 01                    3811 	.db #0x01	; 1
    0000009E 01                    3812 	.db #0x01	; 1
    0000009F 01                    3813 	.db #0x01	; 1
    000000A0 01                    3814 	.db #0x01	; 1
    000000A1 02                    3815 	.db #0x02	; 2
    000000A2 02                    3816 	.db #0x02	; 2
    000000A3 03                    3817 	.db #0x03	; 3
    000000A4 03                    3818 	.db #0x03	; 3
    000000A5 02                    3819 	.db #0x02	; 2
    000000A6 02                    3820 	.db #0x02	; 2
    000000A7 03                    3821 	.db #0x03	; 3
    000000A8 03                    3822 	.db #0x03	; 3
    000000A9 02                    3823 	.db #0x02	; 2
    000000AA 02                    3824 	.db #0x02	; 2
    000000AB 03                    3825 	.db #0x03	; 3
    000000AC 03                    3826 	.db #0x03	; 3
    000000AD 02                    3827 	.db #0x02	; 2
    000000AE 02                    3828 	.db #0x02	; 2
    000000AF 03                    3829 	.db #0x03	; 3
    000000B0 03                    3830 	.db #0x03	; 3
    000000B1 01                    3831 	.db #0x01	; 1
    000000B2 01                    3832 	.db #0x01	; 1
    000000B3 01                    3833 	.db #0x01	; 1
    000000B4 01                    3834 	.db #0x01	; 1
    000000B5 02                    3835 	.db #0x02	; 2
    000000B6 02                    3836 	.db #0x02	; 2
    000000B7 03                    3837 	.db #0x03	; 3
    000000B8 03                    3838 	.db #0x03	; 3
    000000B9 02                    3839 	.db #0x02	; 2
    000000BA 02                    3840 	.db #0x02	; 2
    000000BB 03                    3841 	.db #0x03	; 3
    000000BC 03                    3842 	.db #0x03	; 3
    000000BD 02                    3843 	.db #0x02	; 2
    000000BE 02                    3844 	.db #0x02	; 2
    000000BF 03                    3845 	.db #0x03	; 3
    000000C0 03                    3846 	.db #0x03	; 3
    000000C1 02                    3847 	.db #0x02	; 2
    000000C2 02                    3848 	.db #0x02	; 2
    000000C3 03                    3849 	.db #0x03	; 3
    000000C4 03                    3850 	.db #0x03	; 3
    000000C5 01                    3851 	.db #0x01	; 1
    000000C6 01                    3852 	.db #0x01	; 1
    000000C7 01                    3853 	.db #0x01	; 1
    000000C8 01                    3854 	.db #0x01	; 1
    000000C9 03                    3855 	.db #0x03	; 3
    000000CA 03                    3856 	.db #0x03	; 3
    000000CB 02                    3857 	.db #0x02	; 2
    000000CC 02                    3858 	.db #0x02	; 2
    000000CD 03                    3859 	.db #0x03	; 3
    000000CE 03                    3860 	.db #0x03	; 3
    000000CF 02                    3861 	.db #0x02	; 2
    000000D0 02                    3862 	.db #0x02	; 2
    000000D1 03                    3863 	.db #0x03	; 3
    000000D2 03                    3864 	.db #0x03	; 3
    000000D3 02                    3865 	.db #0x02	; 2
    000000D4 02                    3866 	.db #0x02	; 2
    000000D5 03                    3867 	.db #0x03	; 3
    000000D6 03                    3868 	.db #0x03	; 3
    000000D7 02                    3869 	.db #0x02	; 2
    000000D8 02                    3870 	.db #0x02	; 2
    000000D9 01                    3871 	.db #0x01	; 1
    000000DA 01                    3872 	.db #0x01	; 1
    000000DB 01                    3873 	.db #0x01	; 1
    000000DC 01                    3874 	.db #0x01	; 1
    000000DD 03                    3875 	.db #0x03	; 3
    000000DE 03                    3876 	.db #0x03	; 3
    000000DF 02                    3877 	.db #0x02	; 2
    000000E0 02                    3878 	.db #0x02	; 2
    000000E1 03                    3879 	.db #0x03	; 3
    000000E2 03                    3880 	.db #0x03	; 3
    000000E3 02                    3881 	.db #0x02	; 2
    000000E4 02                    3882 	.db #0x02	; 2
    000000E5 03                    3883 	.db #0x03	; 3
    000000E6 03                    3884 	.db #0x03	; 3
    000000E7 02                    3885 	.db #0x02	; 2
    000000E8 02                    3886 	.db #0x02	; 2
    000000E9 03                    3887 	.db #0x03	; 3
    000000EA 03                    3888 	.db #0x03	; 3
    000000EB 02                    3889 	.db #0x02	; 2
    000000EC 02                    3890 	.db #0x02	; 2
    000000ED 01                    3891 	.db #0x01	; 1
    000000EE 01                    3892 	.db #0x01	; 1
    000000EF 01                    3893 	.db #0x01	; 1
    000000F0 01                    3894 	.db #0x01	; 1
    000000F1 02                    3895 	.db #0x02	; 2
    000000F2 02                    3896 	.db #0x02	; 2
    000000F3 03                    3897 	.db #0x03	; 3
    000000F4 03                    3898 	.db #0x03	; 3
    000000F5 02                    3899 	.db #0x02	; 2
    000000F6 02                    3900 	.db #0x02	; 2
    000000F7 03                    3901 	.db #0x03	; 3
    000000F8 03                    3902 	.db #0x03	; 3
    000000F9 02                    3903 	.db #0x02	; 2
    000000FA 02                    3904 	.db #0x02	; 2
    000000FB 03                    3905 	.db #0x03	; 3
    000000FC 03                    3906 	.db #0x03	; 3
    000000FD 02                    3907 	.db #0x02	; 2
    000000FE 02                    3908 	.db #0x02	; 2
    000000FF 03                    3909 	.db #0x03	; 3
    00000100 03                    3910 	.db #0x03	; 3
    00000101 01                    3911 	.db #0x01	; 1
    00000102 01                    3912 	.db #0x01	; 1
    00000103 01                    3913 	.db #0x01	; 1
    00000104 01                    3914 	.db #0x01	; 1
    00000105 02                    3915 	.db #0x02	; 2
    00000106 02                    3916 	.db #0x02	; 2
    00000107 03                    3917 	.db #0x03	; 3
    00000108 03                    3918 	.db #0x03	; 3
    00000109 02                    3919 	.db #0x02	; 2
    0000010A 02                    3920 	.db #0x02	; 2
    0000010B 03                    3921 	.db #0x03	; 3
    0000010C 03                    3922 	.db #0x03	; 3
    0000010D 02                    3923 	.db #0x02	; 2
    0000010E 02                    3924 	.db #0x02	; 2
    0000010F 03                    3925 	.db #0x03	; 3
    00000110 03                    3926 	.db #0x03	; 3
    00000111 02                    3927 	.db #0x02	; 2
    00000112 02                    3928 	.db #0x02	; 2
    00000113 03                    3929 	.db #0x03	; 3
    00000114 03                    3930 	.db #0x03	; 3
    00000115 01                    3931 	.db #0x01	; 1
    00000116 01                    3932 	.db #0x01	; 1
    00000117 01                    3933 	.db #0x01	; 1
    00000118 01                    3934 	.db #0x01	; 1
    00000119 03                    3935 	.db #0x03	; 3
    0000011A 03                    3936 	.db #0x03	; 3
    0000011B 02                    3937 	.db #0x02	; 2
    0000011C 02                    3938 	.db #0x02	; 2
    0000011D 03                    3939 	.db #0x03	; 3
    0000011E 03                    3940 	.db #0x03	; 3
    0000011F 02                    3941 	.db #0x02	; 2
    00000120 02                    3942 	.db #0x02	; 2
    00000121 03                    3943 	.db #0x03	; 3
    00000122 03                    3944 	.db #0x03	; 3
    00000123 02                    3945 	.db #0x02	; 2
    00000124 02                    3946 	.db #0x02	; 2
    00000125 03                    3947 	.db #0x03	; 3
    00000126 03                    3948 	.db #0x03	; 3
    00000127 02                    3949 	.db #0x02	; 2
    00000128 02                    3950 	.db #0x02	; 2
    00000129 01                    3951 	.db #0x01	; 1
    0000012A 01                    3952 	.db #0x01	; 1
    0000012B 01                    3953 	.db #0x01	; 1
    0000012C 01                    3954 	.db #0x01	; 1
    0000012D 03                    3955 	.db #0x03	; 3
    0000012E 03                    3956 	.db #0x03	; 3
    0000012F 02                    3957 	.db #0x02	; 2
    00000130 02                    3958 	.db #0x02	; 2
    00000131 03                    3959 	.db #0x03	; 3
    00000132 03                    3960 	.db #0x03	; 3
    00000133 02                    3961 	.db #0x02	; 2
    00000134 02                    3962 	.db #0x02	; 2
    00000135 03                    3963 	.db #0x03	; 3
    00000136 03                    3964 	.db #0x03	; 3
    00000137 02                    3965 	.db #0x02	; 2
    00000138 02                    3966 	.db #0x02	; 2
    00000139 03                    3967 	.db #0x03	; 3
    0000013A 03                    3968 	.db #0x03	; 3
    0000013B 02                    3969 	.db #0x02	; 2
    0000013C 02                    3970 	.db #0x02	; 2
    0000013D 01                    3971 	.db #0x01	; 1
    0000013E 01                    3972 	.db #0x01	; 1
    0000013F 01                    3973 	.db #0x01	; 1
    00000140 01                    3974 	.db #0x01	; 1
    00000141 02                    3975 	.db #0x02	; 2
    00000142 02                    3976 	.db #0x02	; 2
    00000143 03                    3977 	.db #0x03	; 3
    00000144 03                    3978 	.db #0x03	; 3
    00000145 02                    3979 	.db #0x02	; 2
    00000146 02                    3980 	.db #0x02	; 2
    00000147 03                    3981 	.db #0x03	; 3
    00000148 03                    3982 	.db #0x03	; 3
    00000149 02                    3983 	.db #0x02	; 2
    0000014A 02                    3984 	.db #0x02	; 2
    0000014B 03                    3985 	.db #0x03	; 3
    0000014C 03                    3986 	.db #0x03	; 3
    0000014D 02                    3987 	.db #0x02	; 2
    0000014E 02                    3988 	.db #0x02	; 2
    0000014F 03                    3989 	.db #0x03	; 3
    00000150 03                    3990 	.db #0x03	; 3
    00000151 01                    3991 	.db #0x01	; 1
    00000152 01                    3992 	.db #0x01	; 1
    00000153 01                    3993 	.db #0x01	; 1
    00000154 01                    3994 	.db #0x01	; 1
    00000155 02                    3995 	.db #0x02	; 2
    00000156 02                    3996 	.db #0x02	; 2
    00000157 03                    3997 	.db #0x03	; 3
    00000158 03                    3998 	.db #0x03	; 3
    00000159 02                    3999 	.db #0x02	; 2
    0000015A 02                    4000 	.db #0x02	; 2
    0000015B 03                    4001 	.db #0x03	; 3
    0000015C 03                    4002 	.db #0x03	; 3
    0000015D 02                    4003 	.db #0x02	; 2
    0000015E 02                    4004 	.db #0x02	; 2
    0000015F 03                    4005 	.db #0x03	; 3
    00000160 03                    4006 	.db #0x03	; 3
    00000161 02                    4007 	.db #0x02	; 2
    00000162 02                    4008 	.db #0x02	; 2
    00000163 03                    4009 	.db #0x03	; 3
    00000164 03                    4010 	.db #0x03	; 3
    00000165 01                    4011 	.db #0x01	; 1
    00000166 01                    4012 	.db #0x01	; 1
    00000167 01                    4013 	.db #0x01	; 1
    00000168 01                    4014 	.db #0x01	; 1
    00000169 03                    4015 	.db #0x03	; 3
    0000016A 03                    4016 	.db #0x03	; 3
    0000016B 02                    4017 	.db #0x02	; 2
    0000016C 02                    4018 	.db #0x02	; 2
    0000016D 03                    4019 	.db #0x03	; 3
    0000016E 03                    4020 	.db #0x03	; 3
    0000016F 02                    4021 	.db #0x02	; 2
    00000170 02                    4022 	.db #0x02	; 2
    00000171 03                    4023 	.db #0x03	; 3
    00000172 03                    4024 	.db #0x03	; 3
    00000173 02                    4025 	.db #0x02	; 2
    00000174 02                    4026 	.db #0x02	; 2
    00000175 03                    4027 	.db #0x03	; 3
    00000176 03                    4028 	.db #0x03	; 3
    00000177 02                    4029 	.db #0x02	; 2
    00000178 02                    4030 	.db #0x02	; 2
    00000179 01                    4031 	.db #0x01	; 1
    0000017A 01                    4032 	.db #0x01	; 1
    0000017B 01                    4033 	.db #0x01	; 1
    0000017C 01                    4034 	.db #0x01	; 1
    0000017D 03                    4035 	.db #0x03	; 3
    0000017E 03                    4036 	.db #0x03	; 3
    0000017F 02                    4037 	.db #0x02	; 2
    00000180 02                    4038 	.db #0x02	; 2
    00000181 03                    4039 	.db #0x03	; 3
    00000182 03                    4040 	.db #0x03	; 3
    00000183 02                    4041 	.db #0x02	; 2
    00000184 02                    4042 	.db #0x02	; 2
    00000185 03                    4043 	.db #0x03	; 3
    00000186 03                    4044 	.db #0x03	; 3
    00000187 02                    4045 	.db #0x02	; 2
    00000188 02                    4046 	.db #0x02	; 2
    00000189 03                    4047 	.db #0x03	; 3
    0000018A 03                    4048 	.db #0x03	; 3
    0000018B 02                    4049 	.db #0x02	; 2
    0000018C 02                    4050 	.db #0x02	; 2
    0000018D 01                    4051 	.db #0x01	; 1
    0000018E 01                    4052 	.db #0x01	; 1
    0000018F 01                    4053 	.db #0x01	; 1
    00000190 01                    4054 	.db #0x01	; 1
    00000191 01                    4055 	.db #0x01	; 1
    00000192 01                    4056 	.db #0x01	; 1
    00000193 01                    4057 	.db #0x01	; 1
    00000194 01                    4058 	.db #0x01	; 1
    00000195 01                    4059 	.db #0x01	; 1
    00000196 01                    4060 	.db #0x01	; 1
    00000197 01                    4061 	.db #0x01	; 1
    00000198 01                    4062 	.db #0x01	; 1
    00000199 01                    4063 	.db #0x01	; 1
    0000019A 01                    4064 	.db #0x01	; 1
    0000019B 01                    4065 	.db #0x01	; 1
    0000019C 01                    4066 	.db #0x01	; 1
    0000019D 01                    4067 	.db #0x01	; 1
    0000019E 01                    4068 	.db #0x01	; 1
    0000019F 01                    4069 	.db #0x01	; 1
    000001A0 01                    4070 	.db #0x01	; 1
    000001A1 01                    4071 	.db #0x01	; 1
    000001A2 01                    4072 	.db #0x01	; 1
                         000001A3  4073 Fmain$__xinit_squareTL$0_0$0 == .
    000001A3                       4074 __xinit__squareTL:
    000001A3 FF                    4075 	.db #0xff	; 255
    000001A4 FF                    4076 	.db #0xff	; 255
    000001A5 FF                    4077 	.db #0xff	; 255
    000001A6 FF                    4078 	.db #0xff	; 255
    000001A7 C0                    4079 	.db #0xc0	; 192
    000001A8 C0                    4080 	.db #0xc0	; 192
    000001A9 C0                    4081 	.db #0xc0	; 192
    000001AA C0                    4082 	.db #0xc0	; 192
    000001AB C0                    4083 	.db #0xc0	; 192
    000001AC C0                    4084 	.db #0xc0	; 192
    000001AD C0                    4085 	.db #0xc0	; 192
    000001AE C0                    4086 	.db #0xc0	; 192
    000001AF C0                    4087 	.db #0xc0	; 192
    000001B0 C0                    4088 	.db #0xc0	; 192
    000001B1 C0                    4089 	.db #0xc0	; 192
    000001B2 C0                    4090 	.db #0xc0	; 192
                         000001B3  4091 Fmain$__xinit_squareTR$0_0$0 == .
    000001B3                       4092 __xinit__squareTR:
    000001B3 FF                    4093 	.db #0xff	; 255
    000001B4 FF                    4094 	.db #0xff	; 255
    000001B5 FF                    4095 	.db #0xff	; 255
    000001B6 FF                    4096 	.db #0xff	; 255
    000001B7 03                    4097 	.db #0x03	; 3
    000001B8 03                    4098 	.db #0x03	; 3
    000001B9 03                    4099 	.db #0x03	; 3
    000001BA 03                    4100 	.db #0x03	; 3
    000001BB 03                    4101 	.db #0x03	; 3
    000001BC 03                    4102 	.db #0x03	; 3
    000001BD 03                    4103 	.db #0x03	; 3
    000001BE 03                    4104 	.db #0x03	; 3
    000001BF 03                    4105 	.db #0x03	; 3
    000001C0 03                    4106 	.db #0x03	; 3
    000001C1 03                    4107 	.db #0x03	; 3
    000001C2 03                    4108 	.db #0x03	; 3
                         000001C3  4109 Fmain$__xinit_squareBL$0_0$0 == .
    000001C3                       4110 __xinit__squareBL:
    000001C3 C0                    4111 	.db #0xc0	; 192
    000001C4 C0                    4112 	.db #0xc0	; 192
    000001C5 C0                    4113 	.db #0xc0	; 192
    000001C6 C0                    4114 	.db #0xc0	; 192
    000001C7 C0                    4115 	.db #0xc0	; 192
    000001C8 C0                    4116 	.db #0xc0	; 192
    000001C9 C0                    4117 	.db #0xc0	; 192
    000001CA C0                    4118 	.db #0xc0	; 192
    000001CB C0                    4119 	.db #0xc0	; 192
    000001CC C0                    4120 	.db #0xc0	; 192
    000001CD C0                    4121 	.db #0xc0	; 192
    000001CE C0                    4122 	.db #0xc0	; 192
    000001CF FF                    4123 	.db #0xff	; 255
    000001D0 FF                    4124 	.db #0xff	; 255
    000001D1 FF                    4125 	.db #0xff	; 255
    000001D2 FF                    4126 	.db #0xff	; 255
                         000001D3  4127 Fmain$__xinit_squareBR$0_0$0 == .
    000001D3                       4128 __xinit__squareBR:
    000001D3 03                    4129 	.db #0x03	; 3
    000001D4 03                    4130 	.db #0x03	; 3
    000001D5 03                    4131 	.db #0x03	; 3
    000001D6 03                    4132 	.db #0x03	; 3
    000001D7 03                    4133 	.db #0x03	; 3
    000001D8 03                    4134 	.db #0x03	; 3
    000001D9 03                    4135 	.db #0x03	; 3
    000001DA 03                    4136 	.db #0x03	; 3
    000001DB 03                    4137 	.db #0x03	; 3
    000001DC 03                    4138 	.db #0x03	; 3
    000001DD 03                    4139 	.db #0x03	; 3
    000001DE 03                    4140 	.db #0x03	; 3
    000001DF FF                    4141 	.db #0xff	; 255
    000001E0 FF                    4142 	.db #0xff	; 255
    000001E1 FF                    4143 	.db #0xff	; 255
    000001E2 FF                    4144 	.db #0xff	; 255
                         000001E3  4145 Fmain$__xinit_black_piece$0_0$0 == .
    000001E3                       4146 __xinit__black_piece:
    000001E3 FF                    4147 	.db #0xff	; 255
    000001E4 FF                    4148 	.db #0xff	; 255
    000001E5 FF                    4149 	.db #0xff	; 255
    000001E6 FF                    4150 	.db #0xff	; 255
    000001E7 FF                    4151 	.db #0xff	; 255
    000001E8 FF                    4152 	.db #0xff	; 255
    000001E9 FF                    4153 	.db #0xff	; 255
    000001EA FF                    4154 	.db #0xff	; 255
    000001EB FF                    4155 	.db #0xff	; 255
    000001EC FF                    4156 	.db #0xff	; 255
    000001ED FF                    4157 	.db #0xff	; 255
    000001EE FF                    4158 	.db #0xff	; 255
    000001EF FF                    4159 	.db #0xff	; 255
    000001F0 FF                    4160 	.db #0xff	; 255
    000001F1 FF                    4161 	.db #0xff	; 255
    000001F2 FF                    4162 	.db #0xff	; 255
                         000001F3  4163 Fmain$__xinit_white_piece$0_0$0 == .
    000001F3                       4164 __xinit__white_piece:
    000001F3 FF                    4165 	.db #0xff	; 255
    000001F4 00                    4166 	.db #0x00	; 0
    000001F5 FF                    4167 	.db #0xff	; 255
    000001F6 00                    4168 	.db #0x00	; 0
    000001F7 FF                    4169 	.db #0xff	; 255
    000001F8 00                    4170 	.db #0x00	; 0
    000001F9 FF                    4171 	.db #0xff	; 255
    000001FA 00                    4172 	.db #0x00	; 0
    000001FB FF                    4173 	.db #0xff	; 255
    000001FC 00                    4174 	.db #0x00	; 0
    000001FD FF                    4175 	.db #0xff	; 255
    000001FE 00                    4176 	.db #0x00	; 0
    000001FF FF                    4177 	.db #0xff	; 255
    00000200 00                    4178 	.db #0x00	; 0
    00000201 FF                    4179 	.db #0xff	; 255
    00000202 00                    4180 	.db #0x00	; 0
                         00000203  4181 Fmain$__xinit_currentPlayerBlackText$0_0$0 == .
    00000203                       4182 __xinit__currentPlayerBlackText:
    00000203 00                    4183 	.db #0x00	; 0
    00000204 00                    4184 	.db #0x00	; 0
    00000205 50                    4185 	.db #0x50	; 80	'P'
    00000206 6C                    4186 	.db #0x6c	; 108	'l'
    00000207 61                    4187 	.db #0x61	; 97	'a'
    00000208 79                    4188 	.db #0x79	; 121	'y'
    00000209 65                    4189 	.db #0x65	; 101	'e'
    0000020A 72                    4190 	.db #0x72	; 114	'r'
    0000020B 00                    4191 	.db #0x00	; 0
    0000020C 42                    4192 	.db #0x42	; 66	'B'
    0000020D 6C                    4193 	.db #0x6c	; 108	'l'
    0000020E 61                    4194 	.db #0x61	; 97	'a'
    0000020F 63                    4195 	.db #0x63	; 99	'c'
    00000210 6B                    4196 	.db #0x6b	; 107	'k'
    00000211 00                    4197 	.db #0x00	; 0
    00000212 00                    4198 	.db #0x00	; 0
                         00000213  4199 Fmain$__xinit_currentPlayerWhiteText$0_0$0 == .
    00000213                       4200 __xinit__currentPlayerWhiteText:
    00000213 00                    4201 	.db #0x00	; 0
    00000214 00                    4202 	.db #0x00	; 0
    00000215 50                    4203 	.db #0x50	; 80	'P'
    00000216 6C                    4204 	.db #0x6c	; 108	'l'
    00000217 61                    4205 	.db #0x61	; 97	'a'
    00000218 79                    4206 	.db #0x79	; 121	'y'
    00000219 65                    4207 	.db #0x65	; 101	'e'
    0000021A 72                    4208 	.db #0x72	; 114	'r'
    0000021B 00                    4209 	.db #0x00	; 0
    0000021C 57                    4210 	.db #0x57	; 87	'W'
    0000021D 68                    4211 	.db #0x68	; 104	'h'
    0000021E 69                    4212 	.db #0x69	; 105	'i'
    0000021F 74                    4213 	.db #0x74	; 116	't'
    00000220 65                    4214 	.db #0x65	; 101	'e'
    00000221 00                    4215 	.db #0x00	; 0
    00000222 00                    4216 	.db #0x00	; 0
                         00000223  4217 Fmain$__xinit_clearText$0_0$0 == .
    00000223                       4218 __xinit__clearText:
    00000223 00                    4219 	.db #0x00	; 0
    00000224 00                    4220 	.db #0x00	; 0
    00000225 00                    4221 	.db #0x00	; 0
    00000226 00                    4222 	.db #0x00	; 0
    00000227 00                    4223 	.db #0x00	; 0
    00000228 00                    4224 	.db #0x00	; 0
    00000229 00                    4225 	.db #0x00	; 0
    0000022A 00                    4226 	.db #0x00	; 0
    0000022B 00                    4227 	.db #0x00	; 0
    0000022C 00                    4228 	.db #0x00	; 0
    0000022D 00                    4229 	.db #0x00	; 0
    0000022E 00                    4230 	.db #0x00	; 0
    0000022F 00                    4231 	.db #0x00	; 0
    00000230 00                    4232 	.db #0x00	; 0
    00000231 00                    4233 	.db #0x00	; 0
    00000232 00                    4234 	.db #0x00	; 0
                         00000233  4235 Fmain$__xinit_whiteWins$0_0$0 == .
    00000233                       4236 __xinit__whiteWins:
    00000233 00                    4237 	.db #0x00	; 0
    00000234 00                    4238 	.db #0x00	; 0
    00000235 00                    4239 	.db #0x00	; 0
    00000236 57                    4240 	.db #0x57	; 87	'W'
    00000237 68                    4241 	.db #0x68	; 104	'h'
    00000238 69                    4242 	.db #0x69	; 105	'i'
    00000239 74                    4243 	.db #0x74	; 116	't'
    0000023A 65                    4244 	.db #0x65	; 101	'e'
    0000023B 00                    4245 	.db #0x00	; 0
    0000023C 57                    4246 	.db #0x57	; 87	'W'
    0000023D 69                    4247 	.db #0x69	; 105	'i'
    0000023E 6E                    4248 	.db #0x6e	; 110	'n'
    0000023F 73                    4249 	.db #0x73	; 115	's'
    00000240 00                    4250 	.db #0x00	; 0
    00000241 00                    4251 	.db #0x00	; 0
    00000242 00                    4252 	.db #0x00	; 0
                         00000243  4253 Fmain$__xinit_blackWins$0_0$0 == .
    00000243                       4254 __xinit__blackWins:
    00000243 00                    4255 	.db #0x00	; 0
    00000244 00                    4256 	.db #0x00	; 0
    00000245 00                    4257 	.db #0x00	; 0
    00000246 42                    4258 	.db #0x42	; 66	'B'
    00000247 6C                    4259 	.db #0x6c	; 108	'l'
    00000248 61                    4260 	.db #0x61	; 97	'a'
    00000249 63                    4261 	.db #0x63	; 99	'c'
    0000024A 6B                    4262 	.db #0x6b	; 107	'k'
    0000024B 00                    4263 	.db #0x00	; 0
    0000024C 57                    4264 	.db #0x57	; 87	'W'
    0000024D 69                    4265 	.db #0x69	; 105	'i'
    0000024E 6E                    4266 	.db #0x6e	; 110	'n'
    0000024F 73                    4267 	.db #0x73	; 115	's'
    00000250 00                    4268 	.db #0x00	; 0
    00000251 00                    4269 	.db #0x00	; 0
    00000252 00                    4270 	.db #0x00	; 0
                         00000253  4271 Fmain$__xinit_blackKing$0_0$0 == .
    00000253                       4272 __xinit__blackKing:
    00000253 FF                    4273 	.db #0xff	; 255
    00000254 FF                    4274 	.db #0xff	; 255
    00000255 DB                    4275 	.db #0xdb	; 219
    00000256 FF                    4276 	.db #0xff	; 255
    00000257 66                    4277 	.db #0x66	; 102	'f'
    00000258 FF                    4278 	.db #0xff	; 255
    00000259 81                    4279 	.db #0x81	; 129
    0000025A FF                    4280 	.db #0xff	; 255
    0000025B 81                    4281 	.db #0x81	; 129
    0000025C FF                    4282 	.db #0xff	; 255
    0000025D C3                    4283 	.db #0xc3	; 195
    0000025E FF                    4284 	.db #0xff	; 255
    0000025F FF                    4285 	.db #0xff	; 255
    00000260 FF                    4286 	.db #0xff	; 255
    00000261 FF                    4287 	.db #0xff	; 255
    00000262 FF                    4288 	.db #0xff	; 255
                         00000263  4289 Fmain$__xinit_whiteKing$0_0$0 == .
    00000263                       4290 __xinit__whiteKing:
    00000263 FF                    4291 	.db #0xff	; 255
    00000264 00                    4292 	.db #0x00	; 0
    00000265 DB                    4293 	.db #0xdb	; 219
    00000266 24                    4294 	.db #0x24	; 36
    00000267 66                    4295 	.db #0x66	; 102	'f'
    00000268 99                    4296 	.db #0x99	; 153
    00000269 81                    4297 	.db #0x81	; 129
    0000026A 7E                    4298 	.db #0x7e	; 126
    0000026B 81                    4299 	.db #0x81	; 129
    0000026C 7E                    4300 	.db #0x7e	; 126
    0000026D C3                    4301 	.db #0xc3	; 195
    0000026E 3C                    4302 	.db #0x3c	; 60
    0000026F FF                    4303 	.db #0xff	; 255
    00000270 00                    4304 	.db #0x00	; 0
    00000271 FF                    4305 	.db #0xff	; 255
    00000272 00                    4306 	.db #0x00	; 0
                         00000273  4307 Fmain$__xinit_blackPieces$0_0$0 == .
    00000273                       4308 __xinit__blackPieces:
    00000273 2C                    4309 	.db #0x2c	; 44
    00000274 1C                    4310 	.db #0x1c	; 28
    00000275 00                    4311 	.db #0x00	;  0
    00000276 4C                    4312 	.db #0x4c	; 76	'L'
    00000277 1C                    4313 	.db #0x1c	; 28
    00000278 00                    4314 	.db #0x00	;  0
    00000279 6C                    4315 	.db #0x6c	; 108	'l'
    0000027A 1C                    4316 	.db #0x1c	; 28
    0000027B 00                    4317 	.db #0x00	;  0
    0000027C 8C                    4318 	.db #0x8c	; 140
    0000027D 1C                    4319 	.db #0x1c	; 28
    0000027E 00                    4320 	.db #0x00	;  0
    0000027F 1C                    4321 	.db #0x1c	; 28
    00000280 2C                    4322 	.db #0x2c	; 44
    00000281 00                    4323 	.db #0x00	;  0
    00000282 3C                    4324 	.db #0x3c	; 60
    00000283 2C                    4325 	.db #0x2c	; 44
    00000284 00                    4326 	.db #0x00	;  0
    00000285 5C                    4327 	.db #0x5c	; 92
    00000286 2C                    4328 	.db #0x2c	; 44
    00000287 00                    4329 	.db #0x00	;  0
    00000288 7C                    4330 	.db #0x7c	; 124
    00000289 2C                    4331 	.db #0x2c	; 44
    0000028A 00                    4332 	.db #0x00	;  0
    0000028B 2C                    4333 	.db #0x2c	; 44
    0000028C 3C                    4334 	.db #0x3c	; 60
    0000028D 00                    4335 	.db #0x00	;  0
    0000028E 4C                    4336 	.db #0x4c	; 76	'L'
    0000028F 3C                    4337 	.db #0x3c	; 60
    00000290 00                    4338 	.db #0x00	;  0
    00000291 6C                    4339 	.db #0x6c	; 108	'l'
    00000292 3C                    4340 	.db #0x3c	; 60
    00000293 00                    4341 	.db #0x00	;  0
    00000294 8C                    4342 	.db #0x8c	; 140
    00000295 3C                    4343 	.db #0x3c	; 60
    00000296 00                    4344 	.db #0x00	;  0
                         00000297  4345 Fmain$__xinit_whitePieces$0_0$0 == .
    00000297                       4346 __xinit__whitePieces:
    00000297 1C                    4347 	.db #0x1c	; 28
    00000298 8C                    4348 	.db #0x8c	; 140
    00000299 00                    4349 	.db #0x00	;  0
    0000029A 3C                    4350 	.db #0x3c	; 60
    0000029B 8C                    4351 	.db #0x8c	; 140
    0000029C 00                    4352 	.db #0x00	;  0
    0000029D 5C                    4353 	.db #0x5c	; 92
    0000029E 8C                    4354 	.db #0x8c	; 140
    0000029F 00                    4355 	.db #0x00	;  0
    000002A0 7C                    4356 	.db #0x7c	; 124
    000002A1 8C                    4357 	.db #0x8c	; 140
    000002A2 00                    4358 	.db #0x00	;  0
    000002A3 2C                    4359 	.db #0x2c	; 44
    000002A4 7C                    4360 	.db #0x7c	; 124
    000002A5 00                    4361 	.db #0x00	;  0
    000002A6 4C                    4362 	.db #0x4c	; 76	'L'
    000002A7 7C                    4363 	.db #0x7c	; 124
    000002A8 00                    4364 	.db #0x00	;  0
    000002A9 6C                    4365 	.db #0x6c	; 108	'l'
    000002AA 7C                    4366 	.db #0x7c	; 124
    000002AB 00                    4367 	.db #0x00	;  0
    000002AC 8C                    4368 	.db #0x8c	; 140
    000002AD 7C                    4369 	.db #0x7c	; 124
    000002AE 00                    4370 	.db #0x00	;  0
    000002AF 1C                    4371 	.db #0x1c	; 28
    000002B0 6C                    4372 	.db #0x6c	; 108	'l'
    000002B1 00                    4373 	.db #0x00	;  0
    000002B2 3C                    4374 	.db #0x3c	; 60
    000002B3 6C                    4375 	.db #0x6c	; 108	'l'
    000002B4 00                    4376 	.db #0x00	;  0
    000002B5 5C                    4377 	.db #0x5c	; 92
    000002B6 6C                    4378 	.db #0x6c	; 108	'l'
    000002B7 00                    4379 	.db #0x00	;  0
    000002B8 7C                    4380 	.db #0x7c	; 124
    000002B9 6C                    4381 	.db #0x6c	; 108	'l'
    000002BA 00                    4382 	.db #0x00	;  0
                                   4383 	.area _CABS (ABS)
